old_url,native_url,match_via,nid,source_file,status,notes
/node/100,/child-labor-la-rinconada/,node,100,sources/child-labor-la-rinconada.md,matched,
/node/1002,/burning-guardhouse-pont-neuf/,node,1002,sources/burning-guardhouse-pont-neuf.md,matched,
/node/1004,/marseillaise/,node,1004,sources/marseillaise.md,matched,
/node/1005,/solemn-inauguration-statue-liberty/,node,1005,sources/solemn-inauguration-statue-liberty.md,matched,
/node/1008,/french-nation-defeats-despotism/,node,1008,sources/french-nation-defeats-despotism.md,matched,
/node/1009,/lafayette-receives-citys-sword-defense-liberty/,node,1009,sources/lafayette-receives-citys-sword-defense-liberty.md,matched,
/node/101,/mummified-inca-child-sacrifices/,node,101,sources/mummified-inca-child-sacrifices.md,matched,
/node/1010,/festival-national-unity-14-july-1939/,node,1010,sources/festival-national-unity-14-july-1939.md,matched,
/node/1011,/death-napoleon-st-helena/,node,1011,sources/death-napoleon-st-helena.md,matched,
/node/1012,/day-after-waterloo/,node,1012,sources/day-after-waterloo.md,matched,
/node/1013,/return-island-elba/,node,1013,sources/return-island-elba.md,matched,
/node/1014,/congress-vienna/,node,1014,sources/congress-vienna.md,matched,
/node/1015,/emperor-and-imperial-guard-island-elba/,node,1015,sources/emperor-and-imperial-guard-island-elba.md,matched,
/node/1016,/i-am-called-cerberus-am-also-chameleon-napoleon-being-sucked-hell/,node,1016,sources/i-am-called-cerberus-am-also-chameleon-napoleon-being-sucked-hell.md,matched,
/node/1017,/napoleon-unable-digest-leipzig/,node,1017,sources/napoleon-unable-digest-leipzig.md,matched,
/node/1018,/triumph-year-1813/,node,1018,sources/triumph-year-1813.md,matched,
/node/1019,/retreat-russia/,node,1019,sources/retreat-russia.md,matched,
/node/102,/manuelita/,node,102,sources/manuelita.md,matched,
/node/1020,/royal-and-imperial-family-napoleon/,node,1020,sources/royal-and-imperial-family-napoleon.md,matched,
/node/1021,/meeting-emperors-tilsit/,node,1021,sources/meeting-emperors-tilsit.md,matched,
/node/1022,/sire-they-are-my-sons-and-my-wife/,node,1022,sources/sire-they-are-my-sons-and-my-wife.md,matched,
/node/1023,/battle-and-taking-ratisbon-april-23-1809/,node,1023,sources/battle-and-taking-ratisbon-april-23-1809.md,matched,
/node/1024,/bonaparte-first-consul-putting-away-his-sword-after-general-peace/,node,1024,sources/bonaparte-first-consul-putting-away-his-sword-after-general-peace.md,matched,
/node/1025,/arrest-king-varennes-22-june-1791/,node,1025,sources/arrest-king-varennes-22-june-1791.md,matched,
/node/1026,/louis-xvi-stopt-his-flight-varennes/,node,1026,sources/louis-xvi-stopt-his-flight-varennes.md,matched,
/node/1027,/fleeing-design-or-perjurer-louis-xvi/,node,1027,sources/fleeing-design-or-perjurer-louis-xvi.md,matched,
/node/1028,/return-varennes-arrival-louis-capet-paris/,node,1028,sources/return-varennes-arrival-louis-capet-paris.md,matched,
/node/1029,/image-kings-departure/,node,1029,sources/image-kings-departure.md,matched,
/node/103,/education-warzone/,node,103,sources/education-warzone.md,matched,
/node/1030,/bonaparte-first-consul-french-republic/,node,1030,sources/bonaparte-first-consul-french-republic.md,matched,
/node/1031,/revenge-taken-black-army-cruelties-practised-them-french/,node,1031,sources/revenge-taken-black-army-cruelties-practised-them-french.md,matched,
/node/1032,/mode-exterminating-black-army-practised-french/,node,1032,sources/mode-exterminating-black-army-practised-french.md,matched,
/node/1033,/mode-training-blood-hounds-st-domingo/,node,1033,sources/mode-training-blood-hounds-st-domingo.md,matched,
/node/1034,/toussaint-louverture/,node,1034,sources/toussaint-louverture.md,matched,
/node/1035,/execrable-human-traffick-or-affectionate-slaves/,node,1035,sources/execrable-human-traffick-or-affectionate-slaves.md,matched,
/node/1037,/scene-directory-life-men-and-women-loptique-du-jour/,node,1037,sources/scene-directory-life-men-and-women-loptique-du-jour.md,matched,
/node/1038,/saving-france/,node,1038,sources/saving-france.md,matched,
/node/1039,/day-saint-cloud/,node,1039,sources/day-saint-cloud.md,matched,
/node/104,/ijazahs-diploma/,node,104,sources/ijazahs-diploma.md,matched,
/node/1040,/printed-cloth-directory-and-napoleon/,node,1040,sources/printed-cloth-directory-and-napoleon.md,matched,
/node/1041,/britannia-rules-waves/,node,1041,sources/britannia-rules-waves.md,matched,
/node/1042,/promised-horrors-french-invasion/,node,1042,sources/promised-horrors-french-invasion.md,matched,
/node/1043,/contrast-1793-british-libertyfrench-liberty/,node,1043,sources/contrast-1793-british-libertyfrench-liberty.md,matched,
/node/1044,/destruction-french-colossus/,node,1044,sources/destruction-french-colossus.md,matched,
/node/1045,/day-13-vendemaire-year-4/,node,1045,sources/day-13-vendemaire-year-4.md,matched,
/node/1047,/costumes-council-five-hundred/,node,1047,sources/costumes-council-five-hundred.md,matched,
/node/1048,/battle-pyramids/,node,1048,sources/battle-pyramids.md,matched,
/node/1049,/battle-aboukir/,node,1049,sources/battle-aboukir.md,matched,
/node/105,/eid-holiday-amusements/,node,105,sources/eid-holiday-amusements.md,matched,
/node/1050,/entry-french-holland/,node,1050,sources/entry-french-holland.md,matched,
/node/1051,/view-mound-champ-de-la-reunion/,node,1051,sources/view-mound-champ-de-la-reunion.md,matched,
/node/1052,/king-accepting-constitution-amid-national-assembly-14-september-1791/,node,1052,sources/king-accepting-constitution-amid-national-assembly-14-september-1791.md,matched,
/node/1053,/image-attack-20-june-1792/,node,1053,sources/image-attack-20-june-1792.md,matched,
/node/1054,/marie-antoinette-serpent/,node,1054,sources/marie-antoinette-serpent.md,matched,
/node/1055,/louis-pig/,node,1055,sources/louis-pig.md,matched,
/node/1056,/image-king-trial/,node,1056,sources/image-king-trial.md,matched,
/node/1058,/louiss-separation-his-family/,node,1058,sources/louiss-separation-his-family.md,matched,
/node/1059,/louis-leaves-his-family/,node,1059,sources/louis-leaves-his-family.md,matched,
/node/106,/egyptian-ramadan-lanterns/,node,106,sources/egyptian-ramadan-lanterns.md,matched,
/node/1060,/last-meeting-louis-xvi-his-family-temple-prison/,node,1060,sources/last-meeting-louis-xvi-his-family-temple-prison.md,matched,
/node/1061,/louis-xvi-and-his-family-20-january-1793/,node,1061,sources/louis-xvi-and-his-family-20-january-1793.md,matched,
/node/1062,/son-saint-louis-going-heaven/,node,1062,sources/son-saint-louis-going-heaven.md,matched,
/node/1063,/execution-louis-xvi-january-21-1793-1022-morning/,node,1063,sources/execution-louis-xvi-january-21-1793-1022-morning.md,matched,
/node/1064,/louis-xvi/,node,1064,sources/louis-xvi.md,matched,
/node/1067,/louis-xvi-king-french/,node,1067,sources/louis-xvi-king-french.md,matched,
/node/1069,/long-live-liberty/,node,1069,sources/long-live-liberty.md,matched,
/node/107,/child-ramdan-lantern-family-workshop/,node,107,sources/child-ramdan-lantern-family-workshop.md,matched,
/node/1070,/louis-xvi-king-french-born-23-august-1754/,node,1070,sources/louis-xvi-king-french-born-23-august-1754.md,matched,
/node/1071,/louis-drinker/,node,1071,sources/louis-drinker.md,matched,
/node/108,/animal-baking-mold/,node,108,sources/animal-baking-mold.md,matched,
/node/1080,/louis-drunkard/,node,1080,sources/louis-drunkard.md,matched,
/node/1081,/louis-no-more-man/,node,1081,sources/louis-no-more-man.md,matched,
/node/1082,/louis-rides-pig/,node,1082,sources/louis-rides-pig.md,matched,
/node/1083,/king-and-queen-two-headed-monster/,node,1083,sources/king-and-queen-two-headed-monster.md,matched,
/node/1084,/rare-animals-or-transfer-royal-family-tuileries-temple-champfleury-1792/,node,1084,sources/rare-animals-or-transfer-royal-family-tuileries-temple-champfleury-1792.md,matched,
/node/1086,/louis-arrives-hell/,node,1086,sources/louis-arrives-hell.md,matched,
/node/1087,/louis-xvi-king-france-born-23-august-1754-beheaded-21-january-1793/,node,1087,sources/louis-xvi-king-france-born-23-august-1754-beheaded-21-january-1793.md,matched,
/node/1088,/hell-broke-loose-or-murder-louis/,node,1088,sources/hell-broke-loose-or-murder-louis.md,matched,
/node/1089,/queen-exhausted/,node,1089,sources/queen-exhausted.md,matched,
/node/109,/majalis-al-ushshak-gathering-mosque/,node,109,sources/majalis-al-ushshak-gathering-mosque.md,matched,
/node/1090,/trial-marie-antoinette-austria/,node,1090,sources/trial-marie-antoinette-austria.md,matched,
/node/1091,/image-queens-defense/,node,1091,sources/image-queens-defense.md,matched,
/node/1092,/execution-marie-antoinette-16-october-1793-place-de-la-revolution/,node,1092,sources/execution-marie-antoinette-16-october-1793-place-de-la-revolution.md,matched,
/node/1093,/queen-louis-xvi-king-france-guillotine-16-october-1793/,node,1093,sources/queen-louis-xvi-king-france-guillotine-16-october-1793.md,matched,
/node/1095,/gallic-declaration-war-or-bumbardment-all-europe/,node,1095,sources/gallic-declaration-war-or-bumbardment-all-europe.md,matched,
/node/1096,/march-powers-allied-against-france/,node,1096,sources/march-powers-allied-against-france.md,matched,
/node/1097,/french-victory-battle-jemmappes/,node,1097,sources/french-victory-battle-jemmappes.md,matched,
/node/1098,/jemmapes-6-november-1792/,node,1098,sources/jemmapes-6-november-1792.md,matched,
/node/1099,/noble-act-500000-republicans/,node,1099,sources/noble-act-500000-republicans.md,matched,
/node/110,/maqamat-al-hariri-kuttab-school/,node,110,sources/maqamat-al-hariri-kuttab-school.md,matched,
/node/1100,/sword-hilt-revolutionary-icons-liberty/,node,1100,sources/sword-hilt-revolutionary-icons-liberty.md,matched,
/node/1101,/sword-sieyes/,node,1101,sources/sword-sieyes.md,matched,
/node/1102,/tyranny-tremble/,node,1102,sources/tyranny-tremble.md,matched,
/node/1103,/counterrevolution/,node,1103,sources/counterrevolution.md,matched,
/node/1106,/nine-emigrants-go-guillotine/,node,1106,sources/nine-emigrants-go-guillotine.md,matched,
/node/1107,/summoning-execution/,node,1107,sources/summoning-execution.md,matched,
/node/1108,/siege-and-taking-city-lyon/,node,1108,sources/siege-and-taking-city-lyon.md,matched,
/node/1109,/fusillades-lyon-ordered-collot-dherbois/,node,1109,sources/fusillades-lyon-ordered-collot-dherbois.md,matched,
/node/111,/kuttab-or-primary-level-quran-school/,node,111,sources/kuttab-or-primary-level-quran-school.md,matched,
/node/1110,/drowning-loire-order-fierce-carrier/,node,1110,sources/drowning-loire-order-fierce-carrier.md,matched,
/node/1113,/hymn-festival-marriage/,node,1113,sources/hymn-festival-marriage.md,matched,
/node/1114,/hymn-21-january/,node,1114,sources/hymn-21-january.md,matched,
/node/1115,/hymn-9-thermidor/,node,1115,sources/hymn-9-thermidor.md,matched,
/node/1116,/itll-be-okay/,node,1116,sources/itll-be-okay.md,matched,
/node/1117,/oh-richard-oh-my-king/,node,1117,sources/oh-richard-oh-my-king.md,matched,
/node/1118,/vending-machine/,node,1118,sources/vending-machine.md,matched,
/node/1119,/thalmann-pioneers-shirt/,node,1119,sources/thalmann-pioneers-shirt.md,matched,
/node/112,/maqamat-al-hariri-rural-scenes-al-wasiti/,node,112,sources/maqamat-al-hariri-rural-scenes-al-wasiti.md,matched,
/node/1121,/gunter-schabowski-press-conference/,node,1121,sources/gunter-schabowski-press-conference.md,matched,
/node/1122,/power-powerless/,node,1122,sources/power-powerless.md,matched,
/node/1123,/solidarity-election-poster-high-noon-4-june-1989/,node,1123,sources/solidarity-election-poster-high-noon-4-june-1989.md,matched,
/node/1124,/request-playden-onely-royal-african-company-1721/,node,1124,sources/request-playden-onely-royal-african-company-1721.md,matched,
/node/1125,/dolbens-act-1788/,node,1125,sources/dolbens-act-1788.md,matched,
/node/1126,/convention-rights-child/,node,1126,sources/convention-rights-child.md,matched,
/node/1127,/universal-declaration-human-rights/,node,1127,sources/universal-declaration-human-rights.md,matched,
/node/1128,/orphan-biographies-early-modern-france/,node,1128,sources/orphan-biographies-early-modern-france.md,matched,
/node/1129,/orphan-records-early-modern-france/,node,1129,sources/orphan-records-early-modern-france.md,matched,
/node/113,/maqamat-al-hariri-garden-scene-al-wasiti/,node,113,sources/maqamat-al-hariri-garden-scene-al-wasiti.md,matched,
/node/1130,/children-accuse-testimony-eryk-holder/,node,1130,sources/children-accuse-testimony-eryk-holder.md,matched,
/node/1131,/children-accuse-testimony-lazarz-krakowski/,node,1131,sources/children-accuse-testimony-lazarz-krakowski.md,matched,
/node/1132,/rejection-higher-age-consent-homosexual-acts/,node,1132,sources/rejection-higher-age-consent-homosexual-acts.md,matched,
/node/1133,/violation-virgins/,node,1133,sources/violation-virgins.md,matched,
/node/1134,/trial-stephen-arrowsmith-1678/,node,1134,sources/trial-stephen-arrowsmith-1678.md,matched,
/node/1135,/rules-thalmann-pioneers/,node,1135,sources/rules-thalmann-pioneers.md,matched,
/node/1136,/advice-aztec-father-his-sons/,node,1136,sources/advice-aztec-father-his-sons.md,matched,
/node/1137,/how-aztec-nahua-raised-sons-warriors/,node,1137,sources/how-aztec-nahua-raised-sons-warriors.md,matched,
/node/1138,/ferreyra-sons-v-pedro-sueldo/,node,1138,sources/ferreyra-sons-v-pedro-sueldo.md,matched,
/node/1139,/adolfo-ogorman-juan-manuel-de-rosas/,node,1139,sources/adolfo-ogorman-juan-manuel-de-rosas.md,matched,
/node/114,/sippy-cup/,node,114,sources/sippy-cup.md,matched,
/node/1140,/jose-antonio-juarez-petition-permission-marry-may-15th-1830-children-and-youth-history/,node,1140,sources/jose-antonio-juarez-petition-permission-marry-may-15th-1830-children-and-youth-history.md,matched,
/node/1141,/ignacia-funes-and-teresa-bulnes-manuel-lopez/,node,1141,sources/ignacia-funes-and-teresa-bulnes-manuel-lopez.md,matched,
/node/1142,/don-eduardo-brown-v-don-leonardo-brown/,node,1142,sources/don-eduardo-brown-v-don-leonardo-brown.md,matched,
/node/1143,/handwriting-assignment-san-telmo-parish/,node,1143,sources/handwriting-assignment-san-telmo-parish.md,matched,
/node/1144,/benjamin-montes-bourgan-funge-and-company/,node,1144,sources/benjamin-montes-bourgan-funge-and-company.md,matched,
/node/1145,/gulen-movement/,node,1145,sources/gulen-movement.md,matched,
/node/1146,/education-post-colonial-algeria/,node,1146,sources/education-post-colonial-algeria.md,matched,
/node/1147,/huejotzingo-codex-1531/,node,1147,sources/huejotzingo-codex-1531.md,matched,
/node/1149,/patriotic-song-unveiling-busts-marat-and-le-pelletier-1793/,node,1149,sources/patriotic-song-unveiling-busts-marat-and-le-pelletier-1793.md,matched,
/node/115,/sibling-burial/,node,115,sources/sibling-burial.md,matched,
/node/1150,/song-festival-old-age/,node,1150,sources/song-festival-old-age.md,matched,
/node/1151,/song-marseillaise-federation-10-august-year-ii/,node,1151,sources/song-marseillaise-federation-10-august-year-ii.md,matched,
/node/1152,/te-deum-federation-july-14-1790-champ-de-mars/,node,1152,sources/te-deum-federation-july-14-1790-champ-de-mars.md,matched,
/node/1153,/alarm-people/,node,1153,sources/alarm-people.md,matched,
/node/1154,/carmagnole/,node,1154,sources/carmagnole.md,matched,
/node/1155,/marseillaise-war-song-army-rhine/,node,1155,sources/marseillaise-war-song-army-rhine.md,matched,
/node/1156,/admission-jews-rights-citizenship-27-september-1791/,node,1156,sources/admission-jews-rights-citizenship-27-september-1791.md,matched,
/node/1157,/taha-hussein-minister-education/,node,1157,sources/taha-hussein-minister-education.md,matched,
/node/1158,/girls-education-basis-civilization-and-moral-refinement-1907/,node,1158,sources/girls-education-basis-civilization-and-moral-refinement-1907.md,matched,
/node/1159,/ottoman-decree-1856/,node,1159,sources/ottoman-decree-1856.md,matched,
/node/116,/neolithic-baby-burial/,node,116,sources/neolithic-baby-burial.md,matched,
/node/1160,/abd-al-latif-al-baghdadis-autobiography/,node,1160,sources/abd-al-latif-al-baghdadis-autobiography.md,matched,
/node/1161,/ibn-khalduns-study-history-1377-ce/,node,1161,sources/ibn-khalduns-study-history-1377-ce.md,matched,
/node/1162,/hadith-parents-grieving-upon-death-children/,node,1162,sources/hadith-parents-grieving-upon-death-children.md,matched,
/node/1163,/aqiqa-islamic-birth-ritual/,node,1163,sources/aqiqa-islamic-birth-ritual.md,matched,
/node/1164,/al-muwatta-legal-testimony-children/,node,1164,sources/al-muwatta-legal-testimony-children.md,matched,
/node/1165,/east-harlem-motion-picture-study/,node,1165,sources/east-harlem-motion-picture-study.md,matched,
/node/1166,/kissing-rudy-valentino-high-school-student-describes-movie-going-1920s/,node,1166,sources/kissing-rudy-valentino-high-school-student-describes-movie-going-1920s.md,matched,
/node/1167,/i-must-course-have-something-my-own-many-more-years-have-passed-over-my-head-sally-rice-leaves-farm/,node,1167,sources/i-must-course-have-something-my-own-many-more-years-have-passed-over-my-head-sally-rice-leaves-farm.md,matched,
/node/1168,/baby-sitter-and-man-upstairs/,node,1168,sources/baby-sitter-and-man-upstairs.md,matched,
/node/1169,/confessions-dorothy-and-abigail-faulkner-jr/,node,1169,sources/confessions-dorothy-and-abigail-faulkner-jr.md,matched,
/node/117,/jfks-assassination/,node,117,sources/jfks-assassination.md,matched,
/node/1170,/examination-thomas-carrier-jr/,node,1170,sources/examination-thomas-carrier-jr.md,matched,
/node/1171,/examination-sarah-carrier/,node,1171,sources/examination-sarah-carrier.md,matched,
/node/1172,/constitution-1793/,node,1172,sources/constitution-1793.md,matched,
/node/1173,/la-chalotais-affair/,node,1173,sources/la-chalotais-affair.md,matched,
/node/1174,/letter-gentleman-paris-his-friend-london-1757/,node,1174,sources/letter-gentleman-paris-his-friend-london-1757.md,matched,
/node/1175,/letter-freron-emigres-return-therese-bouisson/,node,1175,sources/letter-freron-emigres-return-therese-bouisson.md,matched,
/node/1176,/memorandum-her-majesty-queen-concerning-diamond-necklace-affair-1786/,node,1176,sources/memorandum-her-majesty-queen-concerning-diamond-necklace-affair-1786.md,matched,
/node/1177,/petition-jews-paris-alsace-and-lorraine-national-assembly-28-january-1790/,node,1177,sources/petition-jews-paris-alsace-and-lorraine-national-assembly-28-january-1790.md,matched,
/node/1178,/petition-women-third-estate-king-1-january-1789/,node,1178,sources/petition-women-third-estate-king-1-january-1789.md,matched,
/node/1179,/terror-order-day/,node,1179,sources/terror-order-day.md,matched,
/node/118,/hobby-horse/,node,118,sources/hobby-horse.md,matched,
/node/1180,/declaration-pillnitz/,node,1180,sources/declaration-pillnitz.md,matched,
/node/1181,/king-third-estate-june-1789/,node,1181,sources/king-third-estate-june-1789.md,matched,
/node/1182,/padua-circular-5-july-1791/,node,1182,sources/padua-circular-5-july-1791.md,matched,
/node/1183,/royal-orgy-1789/,node,1183,sources/royal-orgy-1789.md,matched,
/node/1184,/4-august-decrees/,node,1184,sources/4-august-decrees.md,matched,
/node/1185,/9-thermidor-conspiracy-against-robespierre/,node,1185,sources/9-thermidor-conspiracy-against-robespierre.md,matched,
/node/1186,/vindication-rights-woman/,node,1186,sources/vindication-rights-woman.md,matched,
/node/1187,/anecdotes-countess-du-barry-1775/,node,1187,sources/anecdotes-countess-du-barry-1775.md,matched,
/node/1188,/champ-de-mars-petitions-cordelier-and-jacobin-clubs/,node,1188,sources/champ-de-mars-petitions-cordelier-and-jacobin-clubs.md,matched,
/node/1189,/citoyenne-lacombes-report-society-revolutionary-republican-women-concerning-what-took-place-16/,node,1189,sources/citoyenne-lacombes-report-society-revolutionary-republican-women-concerning-what-took-place-16.md,matched,
/node/119,/gravestones-and-childhood/,node,119,sources/gravestones-and-childhood.md,matched,
/node/1190,/curious-proposal-women-maubert-marketplace-1785/,node,1190,sources/curious-proposal-women-maubert-marketplace-1785.md,matched,
/node/1191,/declaration-independence-1776/,node,1191,sources/declaration-independence-1776.md,matched,
/node/1192,/bevel-rimmed-bowl/,node,1192,sources/bevel-rimmed-bowl.md,matched,
/node/1193,/declaration-rights-and-duties-man-and-citizen-constitution-year-iii-1795/,node,1193,sources/declaration-rights-and-duties-man-and-citizen-constitution-year-iii-1795.md,matched,
/node/1194,/short-teaching-module-bevel-rimmed-bowls/,node,1194,teaching/short-teaching-module-bevel-rimmed-bowls.md,matched,
/node/1195,/declaration-rights-man-and-citizen-constitution-year-i-1793/,node,1195,sources/declaration-rights-man-and-citizen-constitution-year-i-1793.md,matched,
/node/1196,/declaration-rights-man-and-citizen-26-august-1789/,node,1196,sources/declaration-rights-man-and-citizen-26-august-1789.md,matched,
/node/1197,/diary-woman-fifty/,node,1197,sources/diary-woman-fifty.md,matched,
/node/1198,/edict-toleration-november-1787/,node,1198,sources/edict-toleration-november-1787.md,matched,
/node/1199,/historical-essays-life-marie-antoinette-austria-1783/,node,1199,sources/historical-essays-life-marie-antoinette-austria-1783.md,matched,
/node/120,/jumping-rope/,node,120,sources/jumping-rope.md,matched,
/node/1200,/historical-political-and-moral-essay-revolutions-ancient-and-modern-0/,node,1200,sources/historical-political-and-moral-essay-revolutions-ancient-and-modern-0.md,matched,
/node/1201,/pere-duchesne-idealizes-sans-culottes/,node,1201,sources/pere-duchesne-idealizes-sans-culottes.md,matched,
/node/1202,/parlement-brittany/,node,1202,sources/parlement-brittany.md,matched,
/node/1203,/session-scourging-3-march-1766/,node,1203,sources/session-scourging-3-march-1766.md,matched,
/node/1204,/lamoignon-principles-french-monarchy-1787/,node,1204,sources/lamoignon-principles-french-monarchy-1787.md,matched,
/node/1205,/letter-patriot-claiming-prove-damiens-had-accomplices/,node,1205,sources/letter-patriot-claiming-prove-damiens-had-accomplices.md,matched,
/node/1206,/damienss-testimony-parlement/,node,1206,sources/damienss-testimony-parlement.md,matched,
/node/1207,/bhakti-poets-poem-bahinabai-2/,node,1207,sources/bhakti-poets-poem-bahinabai-2.md,matched,
/node/1208,/islamic-empire-religious-text-women-sura/,node,1208,sources/islamic-empire-religious-text-women-sura.md,matched,
/node/1209,/islamic-empire-religious-text-confederation-sura/,node,1209,sources/islamic-empire-religious-text-confederation-sura.md,matched,
/node/121,/pocahontas-matoaka-1595-1617/,node,121,sources/pocahontas-matoaka-1595-1617.md,matched,
/node/1210,/islamic-empire-travel-narrative-lady-mary-wortley-montagu/,node,1210,sources/islamic-empire-travel-narrative-lady-mary-wortley-montagu.md,matched,
/node/1211,/islamic-empire-religious-text-marriage-customs/,node,1211,sources/islamic-empire-religious-text-marriage-customs.md,matched,
/node/1212,/islamic-empire-religious-text-mosque-customs-and-public-behavior/,node,1212,sources/islamic-empire-religious-text-mosque-customs-and-public-behavior.md,matched,
/node/1213,/islamic-empire-poem-abbasid-era/,node,1213,sources/islamic-empire-poem-abbasid-era.md,matched,
/node/1214,/islamic-empire-miracle-story-rabia-al-adawiyya/,node,1214,sources/islamic-empire-miracle-story-rabia-al-adawiyya.md,matched,
/node/1215,/islamic-empire-poem-rabia-al-adawiyya/,node,1215,sources/islamic-empire-poem-rabia-al-adawiyya.md,matched,
/node/1216,/islamic-empire-official-document-jewish-marriage-contract/,node,1216,sources/islamic-empire-official-document-jewish-marriage-contract.md,matched,
/node/1217,/childrens-charter/,node,1217,sources/childrens-charter.md,matched,
/node/1218,/1919-cleveland-protestant-orphan-asylum-annual-report/,node,1218,sources/1919-cleveland-protestant-orphan-asylum-annual-report.md,matched,
/node/1219,/1879-cleveland-protestant-orphan-asylum-annual-reports/,node,1219,sources/1879-cleveland-protestant-orphan-asylum-annual-reports.md,matched,
/node/122,/liberty-form-goddess-youth/,node,122,sources/liberty-form-goddess-youth.md,matched,
/node/1220,/us-supreme-court-decision-justifying-gender-based-age-consent-laws/,node,1220,sources/us-supreme-court-decision-justifying-gender-based-age-consent-laws.md,matched,
/node/1221,/jailbait-1957/,node,1221,sources/jailbait-1957.md,matched,
/node/1222,/adolescent-sexual-experimentation-should-not-be-crime/,node,1222,sources/adolescent-sexual-experimentation-should-not-be-crime.md,matched,
/node/1223,/review-age-consent-legislation-texas/,node,1223,sources/review-age-consent-legislation-texas.md,matched,
/node/1224,/petition-raise-age-consent-1887/,node,1224,sources/petition-raise-age-consent-1887.md,matched,
/node/1225,/teaching-traditional-polynesian-navigation/,node,1225,sources/teaching-traditional-polynesian-navigation.md,matched,
/node/1226,/annual-report-native-affairs-1874/,node,1226,sources/annual-report-native-affairs-1874.md,matched,
/node/1227,/dear-dot-childrens-letters/,node,1227,sources/dear-dot-childrens-letters.md,matched,
/node/1228,/code-honour/,node,1228,sources/code-honour.md,matched,
/node/1229,/taranaki-education-office-report-1898/,node,1229,sources/taranaki-education-office-report-1898.md,matched,
/node/123,/my-weekly-reader/,node,123,sources/my-weekly-reader.md,matched,
/node/1230,/decree-parlement-paris-against-robert-francois-damiens/,node,1230,sources/decree-parlement-paris-against-robert-francois-damiens.md,matched,
/node/1231,/sentence-against-damiens-1757/,node,1231,sources/sentence-against-damiens-1757.md,matched,
/node/1232,/remonstrance-parlement-against-denial-sacraments-orleans/,node,1232,sources/remonstrance-parlement-against-denial-sacraments-orleans.md,matched,
/node/1233,/remonstrance-refusal-sacraments-1751/,node,1233,sources/remonstrance-refusal-sacraments-1751.md,matched,
/node/1234,/remonstrance-parlement-against-denial-sacraments-paris-1753/,node,1234,sources/remonstrance-parlement-against-denial-sacraments-paris-1753.md,matched,
/node/1235,/parlementary-remonstrance-against-reforms-royal-debts/,node,1235,sources/parlementary-remonstrance-against-reforms-royal-debts.md,matched,
/node/1236,/parlementary-remonstrance-against-third-twentieth-tax/,node,1236,sources/parlementary-remonstrance-against-third-twentieth-tax.md,matched,
/node/1237,/legislation-and-public-police-powers-1753/,node,1237,sources/legislation-and-public-police-powers-1753.md,matched,
/node/1238,/duke-de-croy-describes-session-scourging-3-march-1766/,node,1238,sources/duke-de-croy-describes-session-scourging-3-march-1766.md,matched,
/node/1239,/louis-xv-asks-parlements-desist-1770/,node,1239,sources/louis-xv-asks-parlements-desist-1770.md,matched,
/node/124,/japanese-american-incarceration-interview/,node,124,sources/japanese-american-incarceration-interview.md,matched,
/node/1240,/edict-creating-superior-councils-23-february-1771/,node,1240,sources/edict-creating-superior-councils-23-february-1771.md,matched,
/node/1241,/remonstrances-parlement-paris-against-turgots-six-edicts-1776/,node,1241,sources/remonstrances-parlement-paris-against-turgots-six-edicts-1776.md,matched,
/node/1242,/remonstrance-court-aides-1775/,node,1242,sources/remonstrance-court-aides-1775.md,matched,
/node/1243,/voltaire-internal-government-1756/,node,1243,sources/voltaire-internal-government-1756.md,matched,
/node/1244,/moreau-principles-monarchy-1773/,node,1244,sources/moreau-principles-monarchy-1773.md,matched,
/node/1245,/turgot-letter-king-finance-1774/,node,1245,sources/turgot-letter-king-finance-1774.md,matched,
/node/1246,/turgot-memorandum-local-government-1775/,node,1246,sources/turgot-memorandum-local-government-1775.md,matched,
/node/1247,/necker-account-king-1781/,node,1247,sources/necker-account-king-1781.md,matched,
/node/1248,/vergennes-memorandum-against-necker-1781/,node,1248,sources/vergennes-memorandum-against-necker-1781.md,matched,
/node/1249,/calonne-programs-reform-address-assembly-notables-1787/,node,1249,sources/calonne-programs-reform-address-assembly-notables-1787.md,matched,
/node/125,/japanese-american-incarceration-heart-mountain-interview/,node,125,sources/japanese-american-incarceration-heart-mountain-interview.md,matched,
/node/1250,/linguet-attack-nobility-annales-politiques-1789/,node,1250,sources/linguet-attack-nobility-annales-politiques-1789.md,matched,
/node/1251,/fictional-attack-terray-turgot-1781/,node,1251,sources/fictional-attack-terray-turgot-1781.md,matched,
/node/1252,/universal-declaration-human-rights-0/,node,1252,sources/universal-declaration-human-rights-0.md,matched,
/node/1253,/magna-carta/,node,1253,sources/magna-carta.md,matched,
/node/1254,/ptolemys-world-map/,node,1254,sources/ptolemys-world-map.md,matched,
/node/1255,/bill-rights-1689/,node,1255,sources/bill-rights-1689.md,matched,
/node/1256,/john-locke-political-or-civil-society/,node,1256,sources/john-locke-political-or-civil-society.md,matched,
/node/1257,/al-idrisis-world-map/,node,1257,sources/al-idrisis-world-map.md,matched,
/node/1259,/virginias-declaration-rights-1776/,node,1259,sources/virginias-declaration-rights-1776.md,matched,
/node/126,/japanese-american-incarceration-manzanar-california-interview/,node,126,sources/japanese-american-incarceration-manzanar-california-interview.md,matched,
/node/1260,/montesquieus-persian-letters-1721/,node,1260,sources/montesquieus-persian-letters-1721.md,matched,
/node/1261,/voltaire-church-england/,node,1261,sources/voltaire-church-england.md,matched,
/node/1262,/voltaire-selections-philosophical-dictionary/,node,1262,sources/voltaire-selections-philosophical-dictionary.md,matched,
/node/1263,/montesquieu-spirit-laws/,node,1263,sources/montesquieu-spirit-laws.md,matched,
/node/1264,/rousseaus-social-contract/,node,1264,sources/rousseaus-social-contract.md,matched,
/node/1265,/zalkind-hourwitz-vindication-jews-1789/,node,1265,sources/zalkind-hourwitz-vindication-jews-1789.md,matched,
/node/1266,/antislavery-agitation-abbe-raynal-philosophical-and-political-history-settlements-and-trade/,node,1266,sources/antislavery-agitation-abbe-raynal-philosophical-and-political-history-settlements-and-trade.md,matched,
/node/1267,/sieyes-what-third-estate-1789/,node,1267,sources/sieyes-what-third-estate-1789.md,matched,
/node/1268,/child-early-chinese-social-hierarchy-biography-li-shan/,node,1268,sources/child-early-chinese-social-hierarchy-biography-li-shan.md,matched,
/node/1269,/child-microcosm/,node,1269,sources/child-microcosm.md,matched,
/node/127,/japanese-american-incarceration-amache-colorado-interview/,node,127,sources/japanese-american-incarceration-amache-colorado-interview.md,matched,
/node/1270,/marxists-internet-archive/,node,1270,reviews/marxists-internet-archive.md,matched,
/node/1271,/mourning-rituals-deceased-children/,node,1271,sources/mourning-rituals-deceased-children.md,matched,
/node/1274,/learning-begins-womb-fetal-instruction/,node,1274,sources/learning-begins-womb-fetal-instruction.md,matched,
/node/1275,/book-rites-early-education-and-gender-differentiation/,node,1275,sources/book-rites-early-education-and-gender-differentiation.md,matched,
/node/1276,/book-rites-birth-child/,node,1276,sources/book-rites-birth-child.md,matched,
/node/1277,/biography-empress-deng/,node,1277,sources/biography-empress-deng.md,matched,
/node/1278,/legal-and-political-status-infant/,node,1278,sources/legal-and-political-status-infant.md,matched,
/node/1279,/explanation-school-matters/,node,1279,sources/explanation-school-matters.md,matched,
/node/128,/japanese-american-incarceration-amache-colorado-interview-0/,node,128,sources/japanese-american-incarceration-amache-colorado-interview-0.md,matched,
/node/1280,/imperial-rescript-education/,node,1280,sources/imperial-rescript-education.md,matched,
/node/1281,/education/,node,1281,sources/education.md,matched,
/node/1282,/imperial-rescript-great-principles-education/,node,1282,sources/imperial-rescript-great-principles-education.md,matched,
/node/1283,/encouragement-learning/,node,1283,sources/encouragement-learning.md,matched,
/node/1284,/preamble-fundamental-code-education/,node,1284,sources/preamble-fundamental-code-education.md,matched,
/node/1285,/great-unsolved-mysteries-canadian-history/,node,1285,reviews/great-unsolved-mysteries-canadian-history.md,matched,
/node/1286,/framing-canada-photographic-memory/,node,1286,reviews/framing-canada-photographic-memory.md,matched,
/node/1287,/maya-vase-database-archive-rollout-photographs/,node,1287,reviews/maya-vase-database-archive-rollout-photographs.md,matched,
/node/1288,/emperor-meiji-president-grant-iwakura-mission/,node,1288,sources/emperor-meiji-president-grant-iwakura-mission.md,matched,
/node/1289,/puerto-rican-labor-movement-official-document-sterilization/,node,1289,sources/puerto-rican-labor-movement-official-document-sterilization.md,matched,
/node/129,/japanese-american-incarceration-merced-assembly-center-california-interview/,node,129,sources/japanese-american-incarceration-merced-assembly-center-california-interview.md,matched,
/node/1290,/autobiography-katsu-kokichi/,node,1290,sources/autobiography-katsu-kokichi.md,matched,
/node/1291,/how-teach-children-childrearing-and-confucian-doctrine/,node,1291,sources/how-teach-children-childrearing-and-confucian-doctrine.md,matched,
/node/1292,/holocaust-girlscloset/,node,1292,sources/holocaust-girlscloset.md,matched,
/node/1293,/precolumbian-portfolio-archive-photographs/,node,1293,reviews/precolumbian-portfolio-archive-photographs.md,matched,
/node/1294,/alexander-herzens-my-past-and-thoughts/,node,1294,sources/alexander-herzens-my-past-and-thoughts.md,matched,
/node/1295,/testament-elite-husband-during-black-death/,node,1295,sources/testament-elite-husband-during-black-death.md,matched,
/node/1296,/testament-elite-wife-during-black-death/,node,1296,sources/testament-elite-wife-during-black-death.md,matched,
/node/1297,/dona-marina-cortes-translator-letter-hernan-cortes/,node,1297,sources/dona-marina-cortes-translator-letter-hernan-cortes.md,matched,
/node/1298,/testament-mother-during-black-death/,node,1298,sources/testament-mother-during-black-death.md,matched,
/node/1299,/puerto-rican-labor-movement-official-document-sterilization-0/,node,1299,sources/puerto-rican-labor-movement-official-document-sterilization-0.md,matched,
/node/130,/japanese-american-incarceration-minidoka-idaho-interview/,node,130,sources/japanese-american-incarceration-minidoka-idaho-interview.md,matched,
/node/1300,/caribbean-views/,node,1300,reviews/caribbean-views.md,matched,
/node/1301,/testament-father-during-black-death/,node,1301,sources/testament-father-during-black-death.md,matched,
/node/1302,/italian-accounts-black-death/,node,1302,sources/italian-accounts-black-death.md,matched,
/node/1303,/dona-marina-cortes-translator-personal-account-bernal-diaz-del-castillo/,node,1303,sources/dona-marina-cortes-translator-personal-account-bernal-diaz-del-castillo.md,matched,
/node/1304,/infanticide-trial-transcript-old-bailey-elizabeth-taylor-clerkenwell/,node,1304,sources/infanticide-trial-transcript-old-bailey-elizabeth-taylor-clerkenwell.md,matched,
/node/1305,/john-evelyns-diary/,node,1305,sources/john-evelyns-diary.md,matched,
/node/1306,/dona-marina-cortes-translator-nonfiction-florentine-codex-spanish/,node,1306,sources/dona-marina-cortes-translator-nonfiction-florentine-codex-spanish.md,matched,
/node/1307,/dona-marina-cortes-translator-nonfiction-florentine-codex-nahuatl/,node,1307,sources/dona-marina-cortes-translator-nonfiction-florentine-codex-nahuatl.md,matched,
/node/1308,/juvenile-depravity-suppression-bill/,node,1308,sources/juvenile-depravity-suppression-bill.md,matched,
/node/1309,/shocking-disaster-cambridge/,node,1309,sources/shocking-disaster-cambridge.md,matched,
/node/131,/tags-and-throws-soho-side-street/,node,131,sources/tags-and-throws-soho-side-street.md,matched,
/node/1310,/atlantic-slave-trade-and-slave-life-americas-visual-record/,node,1310,reviews/atlantic-slave-trade-and-slave-life-americas-visual-record.md,matched,
/node/1311,/student-stage-life-brahmacharya/,node,1311,sources/student-stage-life-brahmacharya.md,matched,
/node/1312,/speech-defending-increased-age-consent-india/,node,1312,sources/speech-defending-increased-age-consent-india.md,matched,
/node/1313,/thoughts-and-sentiments-evil-slavery-middle-passage/,node,1313,sources/thoughts-and-sentiments-evil-slavery-middle-passage.md,matched,
/node/1314,/thoughts-and-sentiments-evil-slavery-slave-coffle/,node,1314,sources/thoughts-and-sentiments-evil-slavery-slave-coffle.md,matched,
/node/1315,/scouting-helping-prepare-leaders-tomorrow/,node,1315,sources/scouting-helping-prepare-leaders-tomorrow.md,matched,
/node/1316,/interrelation-colour/,node,1316,sources/interrelation-colour.md,matched,
/node/1317,/children-urban-america/,node,1317,reviews/children-urban-america.md,matched,
/node/1318,/19th-century-american-children-and-what-they-read/,node,1318,reviews/19th-century-american-children-and-what-they-read.md,matched,
/node/1319,/decree-national-assembly-abolishing-feudal-system-11-august-1789/,node,1319,sources/decree-national-assembly-abolishing-feudal-system-11-august-1789.md,matched,
/node/132,/queens-rooftops-seen-subway-platform/,node,132,sources/queens-rooftops-seen-subway-platform.md,matched,
/node/1320,/thouret-report-basis-political-eligibility-29-september-1789/,node,1320,sources/thouret-report-basis-political-eligibility-29-september-1789.md,matched,
/node/1321,/robespierre-speech-denouncing-new-conditions-eligibility-22-october-1789/,node,1321,sources/robespierre-speech-denouncing-new-conditions-eligibility-22-october-1789.md,matched,
/node/1323,/clermont-tonnerre-speech-religious-minorities-and-questionable-professions-23-december-1789/,node,1323,sources/clermont-tonnerre-speech-religious-minorities-and-questionable-professions-23-december-1789.md,matched,
/node/1324,/abbe-maury-speech-23-december-1789/,node,1324,sources/abbe-maury-speech-23-december-1789.md,matched,
/node/1325,/motion-made-vincent-oge-younger-assembly-colonists-1789/,node,1325,sources/motion-made-vincent-oge-younger-assembly-colonists-1789.md,matched,
/node/1326,/abolition-negro-slavery-or-means-ameliorating-their-lot-1789/,node,1326,sources/abolition-negro-slavery-or-means-ameliorating-their-lot-1789.md,matched,
/node/1327,/society-friends-blacks-address-national-assembly-favor-abolition-slave-trade-5-february-1790/,node,1327,sources/society-friends-blacks-address-national-assembly-favor-abolition-slave-trade-5-february-1790.md,matched,
/node/1328,/motion-african-american-migration-project/,node,1328,reviews/motion-african-american-migration-project.md,matched,
/node/1329,/decree-national-convention-4-february-1794-abolishing-slavery-all-colonies/,node,1329,sources/decree-national-convention-4-february-1794-abolishing-slavery-all-colonies.md,matched,
/node/133,/bronx-schoolyard/,node,133,sources/bronx-schoolyard.md,matched,
/node/1330,/condorcet-admission-women-rights-citizenship-july-1790/,node,1330,sources/condorcet-admission-women-rights-citizenship-july-1790.md,matched,
/node/1331,/olympe-de-gouges-declaration-rights-woman-september-1791/,node,1331,sources/olympe-de-gouges-declaration-rights-woman-september-1791.md,matched,
/node/1332,/discussion-womens-political-clubs-and-their-suppression-29-30-october-1793/,node,1332,sources/discussion-womens-political-clubs-and-their-suppression-29-30-october-1793.md,matched,
/node/1333,/declaration-rights-and-duties-man-and-citizen-constitution-year-iii-1795-0/,node,1333,sources/declaration-rights-and-duties-man-and-citizen-constitution-year-iii-1795-0.md,matched,
/node/1334,/reveillon-riot-28-april-1789/,node,1334,sources/reveillon-riot-28-april-1789.md,matched,
/node/1335,/fears-bastille-generals-concern/,node,1335,sources/fears-bastille-generals-concern.md,matched,
/node/1336,/imperialism-north-africa-letters-lalla-zaynab/,node,1336,sources/imperialism-north-africa-letters-lalla-zaynab.md,matched,
/node/1337,/street-demonstrations-support-necker-12-july-1789/,node,1337,sources/street-demonstrations-support-necker-12-july-1789.md,matched,
/node/1338,/robert-e-williams-photographic-collection/,node,1338,reviews/robert-e-williams-photographic-collection.md,matched,
/node/1339,/desmoulins-his-own-role/,node,1339,sources/desmoulins-his-own-role.md,matched,
/node/134,/carlisle-indian-school-students/,node,134,sources/carlisle-indian-school-students.md,matched,
/node/1340,/parisian-riots-14-july/,node,1340,sources/parisian-riots-14-july.md,matched,
/node/1341,/conqueror-bastille-speaks/,node,1341,sources/conqueror-bastille-speaks.md,matched,
/node/1342,/defender-bastille-explains-his-role/,node,1342,sources/defender-bastille-explains-his-role.md,matched,
/node/1343,/imperialism-north-africa-newspaper-hubertine-auclert/,node,1343,sources/imperialism-north-africa-newspaper-hubertine-auclert.md,matched,
/node/1344,/victims-display/,node,1344,sources/victims-display.md,matched,
/node/1345,/royalists-desecrate-revolutionary-cockade-3-october-1789/,node,1345,sources/royalists-desecrate-revolutionary-cockade-3-october-1789.md,matched,
/node/1346,/imperialism-north-africa-report-m-coriat/,node,1346,sources/imperialism-north-africa-report-m-coriat.md,matched,
/node/1347,/imperialism-north-africa-autobiography-fadhma-amrouche/,node,1347,sources/imperialism-north-africa-autobiography-fadhma-amrouche.md,matched,
/node/135,/howard-high-school-alumni-interviews-wilmington-delaware/,node,135,sources/howard-high-school-alumni-interviews-wilmington-delaware.md,matched,
/node/1350,/imperialism-north-africa-interview-tewhida-ben-sheikh/,node,1350,sources/imperialism-north-africa-interview-tewhida-ben-sheikh.md,matched,
/node/1351,/new-york-public-library-digital-collections/,node,1351,reviews/new-york-public-library-digital-collections.md,matched,
/node/1352,/imperialism-north-africa-law-code-personal-status/,node,1352,sources/imperialism-north-africa-law-code-personal-status.md,matched,
/node/1353,/dona-marina-cortes-translator-nonfiction-octavio-paz/,node,1353,sources/dona-marina-cortes-translator-nonfiction-octavio-paz.md,matched,
/node/1354,/imperialism-north-africa-interview-djamila-bouhired/,node,1354,sources/imperialism-north-africa-interview-djamila-bouhired.md,matched,
/node/1355,/dona-marina-cortes-translator-poem-como-duele-1993-women-world-history/,node,1355,sources/dona-marina-cortes-translator-poem-como-duele-1993-women-world-history.md,matched,
/node/1356,/dona-marina-cortes-translator-poem-la-malinche/,node,1356,sources/dona-marina-cortes-translator-poem-la-malinche.md,matched,
/node/1357,/imperialism-north-africa-personal-account-captain-carette/,node,1357,sources/imperialism-north-africa-personal-account-captain-carette.md,matched,
/node/1358,/imperialism-north-africa-song-amina-annabi/,node,1358,sources/imperialism-north-africa-song-amina-annabi.md,matched,
/node/1359,/imperialism-north-africa-autobiography-leila-abouzeid/,node,1359,sources/imperialism-north-africa-autobiography-leila-abouzeid.md,matched,
/node/136,/history-howard-high-school-wilmington-delaware/,node,136,sources/history-howard-high-school-wilmington-delaware.md,matched,
/node/1360,/imperialism-north-africa-personal-account-visit-tunisian-harem/,node,1360,sources/imperialism-north-africa-personal-account-visit-tunisian-harem.md,matched,
/node/1361,/rover-scout-journey/,node,1361,sources/rover-scout-journey.md,matched,
/node/1362,/legal-protection-scout-uniform-1935-tanganyika-government-ordinance/,node,1362,sources/legal-protection-scout-uniform-1935-tanganyika-government-ordinance.md,matched,
/node/1363,/new-development-scout-movement-south-africa/,node,1363,sources/new-development-scout-movement-south-africa.md,matched,
/node/1364,/appeal-african-scouts-canon-william-palmer-imperial-scout-headquarters/,node,1364,sources/appeal-african-scouts-canon-william-palmer-imperial-scout-headquarters.md,matched,
/node/1366,/mapping-margery-kempe-guide-late-medieval-material-and-spiritual-life/,node,1366,reviews/mapping-margery-kempe-guide-late-medieval-material-and-spiritual-life.md,matched,
/node/1367,/scouts-war-dance-sir-robert-baden-powells-adaptation-zulu-chant/,node,1367,sources/scouts-war-dance-sir-robert-baden-powells-adaptation-zulu-chant.md,matched,
/node/1368,/bhakti-poets-poem-bahinabai/,node,1368,sources/bhakti-poets-poem-bahinabai.md,matched,
/node/1369,/district-commissioner-narok-officer-charge-masai-reserve/,node,1369,sources/district-commissioner-narok-officer-charge-masai-reserve.md,matched,
/node/137,/delaware-school-alumni-interviews/,node,137,sources/delaware-school-alumni-interviews.md,matched,
/node/1370,/two-field-interviews/,node,1370,sources/two-field-interviews.md,matched,
/node/1371,/louisas-world/,node,1371,reviews/louisas-world.md,matched,
/node/1372,/komori-nursemaid-songs-kazoe-uta/,node,1372,sources/komori-nursemaid-songs-kazoe-uta.md,matched,
/node/1373,/story-stone/,node,1373,sources/story-stone.md,matched,
/node/1374,/meng-chiu-kuang-heng-bores-hole-wall-sun-ching-shuts-his-door/,node,1374,sources/meng-chiu-kuang-heng-bores-hole-wall-sun-ching-shuts-his-door.md,matched,
/node/1375,/emory-women-writers-resource-project/,node,1375,reviews/emory-women-writers-resource-project.md,matched,
/node/1376,/meng-chiu-empress-ma-coarse-woven-silk/,node,1376,sources/meng-chiu-empress-ma-coarse-woven-silk.md,matched,
/node/1377,/slave-women-and-children/,node,1377,sources/slave-women-and-children.md,matched,
/node/1378,/laws-and-regulations-respecting-slaves-colony-cape-good-hope/,node,1378,sources/laws-and-regulations-respecting-slaves-colony-cape-good-hope.md,matched,
/node/1379,/bar-miztvah/,node,1379,sources/bar-miztvah.md,matched,
/node/138,/children-and-daguerreotypes/,node,138,sources/children-and-daguerreotypes.md,matched,
/node/1380,/imperialism-north-africa-song-amina-annabi-0/,node,1380,sources/imperialism-north-africa-song-amina-annabi-0.md,matched,
/node/1381,/canadian-womens-history/,node,1381,reviews/canadian-womens-history.md,matched,
/node/1382,/october-days-warning-people/,node,1382,sources/october-days-warning-people.md,matched,
/node/1383,/stanislaus-maillard-describes-womens-march/,node,1383,sources/stanislaus-maillard-describes-womens-march.md,matched,
/node/1384,/october-days-alternate-view/,node,1384,sources/october-days-alternate-view.md,matched,
/node/1385,/october-days-deposition-marcher/,node,1385,sources/october-days-deposition-marcher.md,matched,
/node/1386,/massacre-champ-de-mars-parade-ground-revolutions-de-paris/,node,1386,sources/massacre-champ-de-mars-parade-ground-revolutions-de-paris.md,matched,
/node/1387,/jewish-womens-archive/,node,1387,reviews/jewish-womens-archive.md,matched,
/node/1388,/second-revolution-10-august-1792/,node,1388,sources/second-revolution-10-august-1792.md,matched,
/node/1389,/september-massacres/,node,1389,sources/september-massacres.md,matched,
/node/139,/beatles-petition-and-response/,node,139,sources/beatles-petition-and-response.md,matched,
/node/1390,/british-observer-september-massacres/,node,1390,sources/british-observer-september-massacres.md,matched,
/node/1391,/prudhommes-description-coup-against-girondins-31-may-2-june-1793/,node,1391,sources/prudhommes-description-coup-against-girondins-31-may-2-june-1793.md,matched,
/node/1392,/eighth-thermidor/,node,1392,sources/eighth-thermidor.md,matched,
/node/1393,/ninth-thermidor/,node,1393,sources/ninth-thermidor.md,matched,
/node/1394,/eleventh-thermidor/,node,1394,sources/eleventh-thermidor.md,matched,
/node/1395,/mercier-new-paris-sections/,node,1395,sources/mercier-new-paris-sections.md,matched,
/node/1396,/rules-jacobins/,node,1396,sources/rules-jacobins.md,matched,
/node/1397,/salem-witch-trials-documentary-archive/,node,1397,reviews/salem-witch-trials-documentary-archive.md,matched,
/node/1398,/activities-jacobins/,node,1398,sources/activities-jacobins.md,matched,
/node/1399,/police-report-session-cordeliers/,node,1399,sources/police-report-session-cordeliers.md,matched,
/node/1400,/women-jacobins/,node,1400,sources/women-jacobins.md,matched,
/node/1401,/women-cordeliers/,node,1401,sources/women-cordeliers.md,matched,
/node/1402,/clubs-people/,node,1402,sources/clubs-people.md,matched,
/node/1403,/proceedings-quinze-vingts-section/,node,1403,sources/proceedings-quinze-vingts-section.md,matched,
/node/1404,/national-assembly-debate-clubs-20-september-1791/,node,1404,sources/national-assembly-debate-clubs-20-september-1791.md,matched,
/node/1405,/marats-impeachment/,node,1405,sources/marats-impeachment.md,matched,
/node/1406,/critics-robespierre/,node,1406,sources/critics-robespierre.md,matched,
/node/1407,/fear-aristocratic-politics/,node,1407,sources/fear-aristocratic-politics.md,matched,
/node/1408,/aristocratic-values/,node,1408,sources/aristocratic-values.md,matched,
/node/1409,/marat-attacks-nobility/,node,1409,sources/marat-attacks-nobility.md,matched,
/node/141,/isnt-she-little-young/,node,141,sources/isnt-she-little-young.md,matched,
/node/1410,/royal-history/,node,1410,sources/royal-history.md,matched,
/node/1411,/clergy-target-political-problem/,node,1411,sources/clergy-target-political-problem.md,matched,
/node/1412,/decree-against-profiteers/,node,1412,sources/decree-against-profiteers.md,matched,
/node/1413,/law-suspects/,node,1413,sources/law-suspects.md,matched,
/node/1414,/maximum/,node,1414,sources/maximum.md,matched,
/node/1415,/robespierre-political-morality/,node,1415,sources/robespierre-political-morality.md,matched,
/node/1416,/womens-activities-during-prairial-uprising/,node,1416,sources/womens-activities-during-prairial-uprising.md,matched,
/node/1417,/military-suppression-prairial/,node,1417,sources/military-suppression-prairial.md,matched,
/node/1418,/article-encyclopedia-woman/,node,1418,sources/article-encyclopedia-woman.md,matched,
/node/1419,/madame-de-beaumer-editorial-journal-des-dames-march-1762/,node,1419,sources/madame-de-beaumer-editorial-journal-des-dames-march-1762.md,matched,
/node/142,/new-zealand-school-photographs-1950-and-1964/,node,142,sources/new-zealand-school-photographs-1950-and-1964.md,matched,
/node/1420,/womans-cahier/,node,1420,sources/womans-cahier.md,matched,
/node/1421,/stanislas-maillard-describes-womens-march-versailles-5-october-1789/,node,1421,sources/stanislas-maillard-describes-womens-march-versailles-5-october-1789.md,matched,
/node/1422,/women-testify-concerning-their-participation-october-days-1789/,node,1422,sources/women-testify-concerning-their-participation-october-days-1789.md,matched,
/node/1423,/womens-petition-national-assembly/,node,1423,sources/womens-petition-national-assembly.md,matched,
/node/1424,/etta-palm-daelders-discourse-injustice-laws-favor-men-expense-women-30-december-1790/,node,1424,sources/etta-palm-daelders-discourse-injustice-laws-favor-men-expense-women-30-december-1790.md,matched,
/node/1425,/african-american-women-writers-19th-century/,node,1425,reviews/african-american-women-writers-19th-century.md,matched,
/node/1426,/epistolae-medieval-womens-latin-letters/,node,1426,reviews/epistolae-medieval-womens-latin-letters.md,matched,
/node/1427,/advertisement-sale-newly-arrived-africans/,node,1427,sources/advertisement-sale-newly-arrived-africans.md,matched,
/node/1428,/jingle-bells-batman-smells/,node,1428,sources/jingle-bells-batman-smells.md,matched,
/node/1429,/sumerian-school-days/,node,1429,sources/sumerian-school-days.md,matched,
/node/143,/sanitarium-weet-bix-packet/,node,143,sources/sanitarium-weet-bix-packet.md,matched,
/node/1430,/arab-countries-youth-population-projection/,node,1430,sources/arab-countries-youth-population-projection.md,matched,
/node/1431,/little-nemo-slumberland/,node,1431,sources/little-nemo-slumberland.md,matched,
/node/1432,/childhood-obesity-united-states/,node,1432,sources/childhood-obesity-united-states.md,matched,
/node/1433,/new-zealand-maoris-their-talking-house/,node,1433,sources/new-zealand-maoris-their-talking-house.md,matched,
/node/1434,/camila-ogorman/,node,1434,sources/camila-ogorman.md,matched,
/node/1435,/womens-participation-riots-over-price-sugar-february-1792/,node,1435,sources/womens-participation-riots-over-price-sugar-february-1792.md,matched,
/node/1436,/deputation-women-citizens-demands-action-food-prices-24-february-1793/,node,1436,sources/deputation-women-citizens-demands-action-food-prices-24-february-1793.md,matched,
/node/1437,/police-reports-disturbances-over-food-supplies-february-1793/,node,1437,sources/police-reports-disturbances-over-food-supplies-february-1793.md,matched,
/node/1438,/regulations-society-revolutionary-republican-women-9-july-1793/,node,1438,sources/regulations-society-revolutionary-republican-women-9-july-1793.md,matched,
/node/1439,/account-session-society-revolutionary-republican-women/,node,1439,sources/account-session-society-revolutionary-republican-women.md,matched,
/node/144,/trafficking-child-beggars-southeast-asia/,node,144,sources/trafficking-child-beggars-southeast-asia.md,matched,
/node/1440,/prudhomme-influence-revolution-women-12-february-1791/,node,1440,sources/prudhomme-influence-revolution-women-12-february-1791.md,matched,
/node/1441,/discussion-citizenship-under-proposed-new-constitution-29-april-1793/,node,1441,sources/discussion-citizenship-under-proposed-new-constitution-29-april-1793.md,matched,
/node/1442,/guyomar-partisan-political-equality-between-individuals-april-1793/,node,1442,sources/guyomar-partisan-political-equality-between-individuals-april-1793.md,matched,
/node/1443,/discussion-womens-political-clubs-amar/,node,1443,sources/discussion-womens-political-clubs-amar.md,matched,
/node/1444,/trial-olympe-de-gouges/,node,1444,sources/trial-olympe-de-gouges.md,matched,
/node/1445,/chaumette-speech-city-hall-denouncing-womens-political-activism-17-november-1793/,node,1445,sources/chaumette-speech-city-hall-denouncing-womens-political-activism-17-november-1793.md,matched,
/node/1446,/how-mother-survives/,node,1446,sources/how-mother-survives.md,matched,
/node/1447,/ordinary-woman-faces-prison-her-comments/,node,1447,sources/ordinary-woman-faces-prison-her-comments.md,matched,
/node/1448,/police-reports-womens-discontent-spring-1795/,node,1448,sources/police-reports-womens-discontent-spring-1795.md,matched,
/node/1449,/denunciation-woman-participant-uprising-may-1795/,node,1449,sources/denunciation-woman-participant-uprising-may-1795.md,matched,
/node/145,/indus-valley-wheeled-ram-toy/,node,145,sources/indus-valley-wheeled-ram-toy.md,matched,
/node/1450,/interrogation-suspected-rioter-june-1795/,node,1450,sources/interrogation-suspected-rioter-june-1795.md,matched,
/node/1451,/constance-pipelet-review-book-theremin-condition-women-republic/,node,1451,sources/constance-pipelet-review-book-theremin-condition-women-republic.md,matched,
/node/1452,/protests-third-fourth-and-fifth-committees-assembly-notables-1787/,node,1452,sources/protests-third-fourth-and-fifth-committees-assembly-notables-1787.md,matched,
/node/1453,/royal-decree-convoking-estates-general-and-parlementary-response-1788/,node,1453,sources/royal-decree-convoking-estates-general-and-parlementary-response-1788.md,matched,
/node/1454,/king-speaks-national-assembly-royal-session-23-june-1789/,node,1454,sources/king-speaks-national-assembly-royal-session-23-june-1789.md,matched,
/node/1455,/mayor-paris-taking-bastille/,node,1455,sources/mayor-paris-taking-bastille.md,matched,
/node/1456,/view-top-october-days/,node,1456,sources/view-top-october-days.md,matched,
/node/1457,/attempt-conciliation-royal-address-4-february-1790/,node,1457,sources/attempt-conciliation-royal-address-4-february-1790.md,matched,
/node/1458,/king-seeks-foreign-assistance-20-november-1790/,node,1458,sources/king-seeks-foreign-assistance-20-november-1790.md,matched,
/node/1459,/new-world-and-old-american-opening-estates-general-may-1789/,node,1459,sources/new-world-and-old-american-opening-estates-general-may-1789.md,matched,
/node/146,/loy-krathong-celebration/,node,146,sources/loy-krathong-celebration.md,matched,
/node/1460,/marat-king-friend-people-29-december-1790-and-17-february-1791/,node,1460,sources/marat-king-friend-people-29-december-1790-and-17-february-1791.md,matched,
/node/1461,/october-days-1789/,node,1461,sources/october-days-1789.md,matched,
/node/1462,/desmoulins-radicals-view-constitutional-monarch-may-1790/,node,1462,sources/desmoulins-radicals-view-constitutional-monarch-may-1790.md,matched,
/node/1463,/king-flees-paris-20-june-1791/,node,1463,sources/king-flees-paris-20-june-1791.md,matched,
/node/1464,/flight-varennes-21-23-june-1791/,node,1464,sources/flight-varennes-21-23-june-1791.md,matched,
/node/1465,/louis-apologizes-27-june-1791/,node,1465,sources/louis-apologizes-27-june-1791.md,matched,
/node/1466,/press-reports-kings-flight-revolutions-de-paris-25-june-1791-and-pere-duchesne-1791/,node,1466,sources/press-reports-kings-flight-revolutions-de-paris-25-june-1791-and-pere-duchesne-1791.md,matched,
/node/1467,/louis-accepts-constitution-14-25-september-1791/,node,1467,sources/louis-accepts-constitution-14-25-september-1791.md,matched,
/node/1468,/marie-antoinettes-view-revolution-8-september-1791/,node,1468,sources/marie-antoinettes-view-revolution-8-september-1791.md,matched,
/node/1469,/address-commune-marseilles-27-june-1792/,node,1469,sources/address-commune-marseilles-27-june-1792.md,matched,
/node/147,/doorstep-school-wheels-mumbai/,node,147,sources/doorstep-school-wheels-mumbai.md,matched,
/node/1470,/parisian-petitions-dethrone-king-3-august-1792/,node,1470,sources/parisian-petitions-dethrone-king-3-august-1792.md,matched,
/node/1471,/attack-tuileries-10-august-1792/,node,1471,sources/attack-tuileries-10-august-1792.md,matched,
/node/1472,/description-royal-menagerie-1789/,node,1472,sources/description-royal-menagerie-1789.md,matched,
/node/1473,/saint-just-13-november-1792/,node,1473,sources/saint-just-13-november-1792.md,matched,
/node/1474,/marat-3-december-1792/,node,1474,sources/marat-3-december-1792.md,matched,
/node/1475,/robespierre-3-december-1792/,node,1475,sources/robespierre-3-december-1792.md,matched,
/node/1477,/saint-justs-speech-kings-fate-27-december-1792/,node,1477,sources/saint-justs-speech-kings-fate-27-december-1792.md,matched,
/node/1478,/paine-21-november-1792/,node,1478,sources/paine-21-november-1792.md,matched,
/node/1479,/condorcet-3-december-1792/,node,1479,sources/condorcet-3-december-1792.md,matched,
/node/148,/fire-hair-shaving-and-khwan-ceremony-thailand/,node,148,sources/fire-hair-shaving-and-khwan-ceremony-thailand.md,matched,
/node/1481,/execution-king-21-january-1793/,node,1481,sources/execution-king-21-january-1793.md,matched,
/node/1482,/desmoulins-attacks-queen-june-1791/,node,1482,sources/desmoulins-attacks-queen-june-1791.md,matched,
/node/1483,/queen-opera-july-1792/,node,1483,sources/queen-opera-july-1792.md,matched,
/node/1484,/queens-defense-14-october-1793/,node,1484,sources/queens-defense-14-october-1793.md,matched,
/node/1485,/execution-queen-16-october-1793/,node,1485,sources/execution-queen-16-october-1793.md,matched,
/node/1486,/assembly-complains-king-about-emigres/,node,1486,sources/assembly-complains-king-about-emigres.md,matched,
/node/1487,/girondin-view-roland-calls-king-declare-war/,node,1487,sources/girondin-view-roland-calls-king-declare-war.md,matched,
/node/1488,/mobilization-war-5-july-1792/,node,1488,sources/mobilization-war-5-july-1792.md,matched,
/node/1489,/vendee-description-counterrevolution/,node,1489,sources/vendee-description-counterrevolution.md,matched,
/node/149,/soccer-ball-assembly-using-child-labor/,node,149,sources/soccer-ball-assembly-using-child-labor.md,matched,
/node/1490,/revolutionary-tribunals-use-guillotine/,node,1490,sources/revolutionary-tribunals-use-guillotine.md,matched,
/node/1491,/revolution-devours-its-own-le-vieux-cordelier/,node,1491,sources/revolution-devours-its-own-le-vieux-cordelier.md,matched,
/node/1492,/pere-duchesne-supports-terror/,node,1492,sources/pere-duchesne-supports-terror.md,matched,
/node/1493,/revolutionary-armies-provinces-toulouse-september-1793/,node,1493,sources/revolutionary-armies-provinces-toulouse-september-1793.md,matched,
/node/1494,/calendar/,node,1494,sources/calendar.md,matched,
/node/1495,/religion-cult-supreme-being/,node,1495,sources/religion-cult-supreme-being.md,matched,
/node/1496,/law-22-prairial-year-ii-10-june-1794/,node,1496,sources/law-22-prairial-year-ii-10-june-1794.md,matched,
/node/1497,/debate-law-22-prairial/,node,1497,sources/debate-law-22-prairial.md,matched,
/node/1498,/execution-robespierre/,node,1498,sources/execution-robespierre.md,matched,
/node/1499,/dismantling-terror-parliamentarianism-reasserted/,node,1499,sources/dismantling-terror-parliamentarianism-reasserted.md,matched,
/node/150,/krishna-and-cremation-putana/,node,150,sources/krishna-and-cremation-putana.md,matched,
/node/1500,/convention-weak/,node,1500,sources/convention-weak.md,matched,
/node/1501,/constitution-year-iii-1795/,node,1501,sources/constitution-year-iii-1795.md,matched,
/node/1502,/bonaparte-saves-day/,node,1502,sources/bonaparte-saves-day.md,matched,
/node/1503,/doctrine-babeuf/,node,1503,sources/doctrine-babeuf.md,matched,
/node/1504,/gilded-youth/,node,1504,sources/gilded-youth.md,matched,
/node/1505,/puisaye-central-catholic-committee/,node,1505,sources/puisaye-central-catholic-committee.md,matched,
/node/1506,/puisaye-central-catholic-committee-0/,node,1506,sources/puisaye-central-catholic-committee-0.md,matched,
/node/1507,/louis-xviii-charette/,node,1507,sources/louis-xviii-charette.md,matched,
/node/1508,/rise-right-leading-coup-18-fructidor-proclamation-9-september-1797/,node,1508,sources/rise-right-leading-coup-18-fructidor-proclamation-9-september-1797.md,matched,
/node/1509,/revival-mountain/,node,1509,sources/revival-mountain.md,matched,
/node/151,/krishna-defeats-whirlwind/,node,151,sources/krishna-defeats-whirlwind.md,matched,
/node/1510,/circular-elections/,node,1510,sources/circular-elections.md,matched,
/node/1511,/brumaire-bonapartes-justification/,node,1511,sources/brumaire-bonapartes-justification.md,matched,
/node/1512,/council-five-hundred-concurs/,node,1512,sources/council-five-hundred-concurs.md,matched,
/node/1513,/culture-weights-and-measures/,node,1513,sources/culture-weights-and-measures.md,matched,
/node/1514,/primary-schools/,node,1514,sources/primary-schools.md,matched,
/node/1515,/code-noir-black-code/,node,1515,sources/code-noir-black-code.md,matched,
/node/1516,/saint-domingue-some-geography/,node,1516,sources/saint-domingue-some-geography.md,matched,
/node/1517,/saint-domingue-freedmen/,node,1517,sources/saint-domingue-freedmen.md,matched,
/node/1518,/voodoo/,node,1518,sources/voodoo.md,matched,
/node/1519,/seductive-mulatto-woman/,node,1519,sources/seductive-mulatto-woman.md,matched,
/node/152,/krishna-tied-mortar-stealing-butter/,node,152,sources/krishna-tied-mortar-stealing-butter.md,matched,
/node/1520,/maroons/,node,1520,sources/maroons.md,matched,
/node/1521,/slaves-africa/,node,1521,sources/slaves-africa.md,matched,
/node/1522,/coffee-planter-saint-domingo-london-1798/,node,1522,sources/coffee-planter-saint-domingo-london-1798.md,matched,
/node/1523,/grievance-list-september-1789/,node,1523,sources/grievance-list-september-1789.md,matched,
/node/1524,/roster-membership-society-friends-blacks-1789/,node,1524,sources/roster-membership-society-friends-blacks-1789.md,matched,
/node/1525,/viefville-des-essars-emancipation-negroes-1790/,node,1525,sources/viefville-des-essars-emancipation-negroes-1790.md,matched,
/node/1526,/abbe-gregoire-memoir-favor-people-color-or-mixed-race-saint-domingue-1789/,node,1526,sources/abbe-gregoire-memoir-favor-people-color-or-mixed-race-saint-domingue-1789.md,matched,
/node/1527,/left-wing-newspaper-links-revolution-abolition-slavery-september-1790/,node,1527,sources/left-wing-newspaper-links-revolution-abolition-slavery-september-1790.md,matched,
/node/1528,/left-wing-newspaper-continues-attack-slavery-october-1790/,node,1528,sources/left-wing-newspaper-continues-attack-slavery-october-1790.md,matched,
/node/1529,/female-writers-response-american-champion-or-well-known-colonist/,node,1529,sources/female-writers-response-american-champion-or-well-known-colonist.md,matched,
/node/153,/kuwera-relief-panel-candi-mendut-java/,node,153,sources/kuwera-relief-panel-candi-mendut-java.md,matched,
/node/1530,/discontent-spreads-historical-account-black-empire-hayti/,node,1530,sources/discontent-spreads-historical-account-black-empire-hayti.md,matched,
/node/1531,/declaration-independence-blacks-st-domingo/,node,1531,sources/declaration-independence-blacks-st-domingo.md,matched,
/node/1532,/divided-elite-historical-account-black-empire-hayti/,node,1532,sources/divided-elite-historical-account-black-empire-hayti.md,matched,
/node/1533,/letter-monseron-de-launay-marquis-de-condorcet-president-society-friends-blacks-24-december-1789/,node,1533,sources/letter-monseron-de-launay-marquis-de-condorcet-president-society-friends-blacks-24-december-1789.md,matched,
/node/1534,/barnave-speech-colonial-committee-national-assembly-8-march-1790/,node,1534,sources/barnave-speech-colonial-committee-national-assembly-8-march-1790.md,matched,
/node/1535,/oges-rebellion-historical-account-black-empire-hayti/,node,1535,sources/oges-rebellion-historical-account-black-empire-hayti.md,matched,
/node/1536,/revolt-historical-account-black-empire-hayti/,node,1536,sources/revolt-historical-account-black-empire-hayti.md,matched,
/node/1537,/house-closed-shutters-0/,node,1537,sources/house-closed-shutters-0.md,matched,
/node/1538,/swords-and-hearts/,node,1538,sources/swords-and-hearts.md,matched,
/node/1539,/little-mischief/,node,1539,sources/little-mischief.md,matched,
/node/154,/hariti-relief-panel-candi-mendut-java/,node,154,sources/hariti-relief-panel-candi-mendut-java.md,matched,
/node/1540,/bhakti-poets-poem-janabai/,node,1540,sources/bhakti-poets-poem-janabai.md,matched,
/node/1541,/bhakti-poets-poem-mirabai/,node,1541,sources/bhakti-poets-poem-mirabai.md,matched,
/node/1542,/bhakti-poets-poem-mirabai-2/,node,1542,sources/bhakti-poets-poem-mirabai-2.md,matched,
/node/1543,/bhakti-poets-poem-mirabai-3/,node,1543,sources/bhakti-poets-poem-mirabai-3.md,matched,
/node/1544,/bhakti-poets-poem-mirabai-4/,node,1544,sources/bhakti-poets-poem-mirabai-4.md,matched,
/node/1545,/bhakti-poets-poem-akkamahadevi/,node,1545,sources/bhakti-poets-poem-akkamahadevi.md,matched,
/node/1546,/bhakti-poets-poem-akkamahadevi-2/,node,1546,sources/bhakti-poets-poem-akkamahadevi-2.md,matched,
/node/1547,/women-and-stalinism-newspaper-womens-equality/,node,1547,sources/women-and-stalinism-newspaper-womens-equality.md,matched,
/node/1548,/women-and-stalinism-newspaper-womens-roles/,node,1548,sources/women-and-stalinism-newspaper-womens-roles.md,matched,
/node/1549,/women-and-stalinism-quantitative-evidence-womens-employment/,node,1549,sources/women-and-stalinism-quantitative-evidence-womens-employment.md,matched,
/node/155,/chinese-children-tjap-go-meh-festival-makassar/,node,155,sources/chinese-children-tjap-go-meh-festival-makassar.md,matched,
/node/1550,/women-and-stalinism-quantitative-evidence-womens-education/,node,1550,sources/women-and-stalinism-quantitative-evidence-womens-education.md,matched,
/node/1551,/women-and-stalinism-newspaper-womens-work/,node,1551,sources/women-and-stalinism-newspaper-womens-work.md,matched,
/node/1552,/women-and-stalinism-newspaper-women-workers/,node,1552,sources/women-and-stalinism-newspaper-women-workers.md,matched,
/node/1553,/kersaint-discussion-troubles-colonies-28-march-1792/,node,1553,sources/kersaint-discussion-troubles-colonies-28-march-1792.md,matched,
/node/1554,/toussaint-louverture-historical-account-black-empire-hayti/,node,1554,sources/toussaint-louverture-historical-account-black-empire-hayti.md,matched,
/node/1555,/french-return-historical-account-black-empire-hayti/,node,1555,sources/french-return-historical-account-black-empire-hayti.md,matched,
/node/1556,/pennsylvania-gazette-magnitude-insurrection-12-october-1791/,node,1556,sources/pennsylvania-gazette-magnitude-insurrection-12-october-1791.md,matched,
/node/1557,/pennsylvania-gazette-blame-now-falls-16-may-1792/,node,1557,sources/pennsylvania-gazette-blame-now-falls-16-may-1792.md,matched,
/node/1558,/pennsylvania-gazette-white-refugees-17-july-1793/,node,1558,sources/pennsylvania-gazette-white-refugees-17-july-1793.md,matched,
/node/1559,/pennsylvania-gazette-free-blacks-and-mulattos-flee-4-december-1793/,node,1559,sources/pennsylvania-gazette-free-blacks-and-mulattos-flee-4-december-1793.md,matched,
/node/156,/indus-valley-climbing-monkey-toy/,node,156,sources/indus-valley-climbing-monkey-toy.md,matched,
/node/1560,/pennsylvania-gazette-unrest-continues-28-september-1796/,node,1560,sources/pennsylvania-gazette-unrest-continues-28-september-1796.md,matched,
/node/1561,/pennsylvania-gazette-us-vigilance-13-december-1797/,node,1561,sources/pennsylvania-gazette-us-vigilance-13-december-1797.md,matched,
/node/1562,/napoleon-ambitious-young-general-1796-97/,node,1562,sources/napoleon-ambitious-young-general-1796-97.md,matched,
/node/1563,/napoleons-own-account-his-coup-detat-10-november-1799/,node,1563,sources/napoleons-own-account-his-coup-detat-10-november-1799.md,matched,
/node/1564,/napoleons-personal-feelings-about-religion/,node,1564,sources/napoleons-personal-feelings-about-religion.md,matched,
/node/1565,/oath-consul-life-4-august-1802/,node,1565,sources/oath-consul-life-4-august-1802.md,matched,
/node/1566,/napoleons-reasons-making-himself-emperor-december-1804/,node,1566,sources/napoleons-reasons-making-himself-emperor-december-1804.md,matched,
/node/1567,/french-civil-code-1804/,node,1567,sources/french-civil-code-1804.md,matched,
/node/1568,/winning-over-nobles/,node,1568,sources/winning-over-nobles.md,matched,
/node/1569,/glitter-imperial-court/,node,1569,sources/glitter-imperial-court.md,matched,
/node/157,/world-war-ii-american-soldiers-and-bengali-child/,node,157,sources/world-war-ii-american-soldiers-and-bengali-child.md,matched,
/node/1570,/problems-governing-egypt/,node,1570,sources/problems-governing-egypt.md,matched,
/node/1571,/egyptian-misery-shatters-french-hopes/,node,1571,sources/egyptian-misery-shatters-french-hopes.md,matched,
/node/1572,/ordinary-soldiers-account-1806/,node,1572,sources/ordinary-soldiers-account-1806.md,matched,
/node/1573,/confederation-rhine-and-dissolution-holy-roman-empire-1-august-1806/,node,1573,sources/confederation-rhine-and-dissolution-holy-roman-empire-1-august-1806.md,matched,
/node/1574,/continental-system-1806/,node,1574,sources/continental-system-1806.md,matched,
/node/1575,/prussian-reform-edict-9-october-1807/,node,1575,sources/prussian-reform-edict-9-october-1807.md,matched,
/node/1576,/ordinary-british-soldier-recounts-portuguese-campaign-1810/,node,1576,sources/ordinary-british-soldier-recounts-portuguese-campaign-1810.md,matched,
/node/1577,/another-firsthand-view-fighting-portugal/,node,1577,sources/another-firsthand-view-fighting-portugal.md,matched,
/node/1578,/burning-moscow-seen-one-napoleons-generals/,node,1578,sources/burning-moscow-seen-one-napoleons-generals.md,matched,
/node/1579,/effect-russian-winter-described-general/,node,1579,sources/effect-russian-winter-described-general.md,matched,
/node/158,/cremation-rites-youngest-son-calcutta-1944/,node,158,sources/cremation-rites-youngest-son-calcutta-1944.md,matched,
/node/1580,/russian-campaign-seen-ordinary-soldier/,node,1580,sources/russian-campaign-seen-ordinary-soldier.md,matched,
/node/1581,/russian-campaign-seen-female-russian-soldier/,node,1581,sources/russian-campaign-seen-female-russian-soldier.md,matched,
/node/1582,/battle-waterloo-recounted-one-napoleons-personal-aides-june-1815/,node,1582,sources/battle-waterloo-recounted-one-napoleons-personal-aides-june-1815.md,matched,
/node/1583,/benjamin-constant-leader-french-liberal-opposition-napoleon/,node,1583,sources/benjamin-constant-leader-french-liberal-opposition-napoleon.md,matched,
/node/1584,/view-london-times-5-july-1821/,node,1584,sources/view-london-times-5-july-1821.md,matched,
/node/1585,/edmund-burke-reflections-revolution-france/,node,1585,sources/edmund-burke-reflections-revolution-france.md,matched,
/node/1586,/positive-american-view/,node,1586,sources/positive-american-view.md,matched,
/node/1587,/sun-yat-sen-three-principles-people/,node,1587,sources/sun-yat-sen-three-principles-people.md,matched,
/node/1588,/ho-chi-minh-declaration-independence-democratic-republic-viet-nam/,node,1588,sources/ho-chi-minh-declaration-independence-democratic-republic-viet-nam.md,matched,
/node/1589,/france-gods-are-athirst/,node,1589,sources/france-gods-are-athirst.md,matched,
/node/159,/celebrating-napoleons-birthday-island-st-helena/,node,159,sources/celebrating-napoleons-birthday-island-st-helena.md,matched,
/node/1590,/jean-jacques-rousseau-emile-1762/,node,1590,sources/jean-jacques-rousseau-emile-1762.md,matched,
/node/1591,/louis-xvis-reply-parlement-paris-1788/,node,1591,sources/louis-xvis-reply-parlement-paris-1788.md,matched,
/node/1592,/sati-official-documents-lord-william-cavendish-bentinck/,node,1592,sources/sati-official-documents-lord-william-cavendish-bentinck.md,matched,
/node/1593,/sati-petition-orthodox-hindus/,node,1593,sources/sati-petition-orthodox-hindus.md,matched,
/node/1594,/southeast-asian-politics-nonfiction-javanese-education/,node,1594,sources/southeast-asian-politics-nonfiction-javanese-education.md,matched,
/node/1595,/southeast-asian-politics-nonfiction-philippine-suffrage/,node,1595,sources/southeast-asian-politics-nonfiction-philippine-suffrage.md,matched,
/node/1596,/southeast-asian-politics-court-records-imelda-marcos/,node,1596,sources/southeast-asian-politics-court-records-imelda-marcos.md,matched,
/node/1597,/southeast-asian-politics-newspaper-unofficial-power/,node,1597,sources/southeast-asian-politics-newspaper-unofficial-power.md,matched,
/node/1598,/southeast-asian-politics-speech-philippine-state-nation/,node,1598,sources/southeast-asian-politics-speech-philippine-state-nation.md,matched,
/node/1599,/southeast-asian-politics-speech-burmese-democracy/,node,1599,sources/southeast-asian-politics-speech-burmese-democracy.md,matched,
/node/160,/his-monument-napoleons-past-and-future-are-filled-dead-bodies/,node,160,sources/his-monument-napoleons-past-and-future-are-filled-dead-bodies.md,matched,
/node/1600,/gender-and-health-latin-america-official-document-womens-status-latin-america/,node,1600,sources/gender-and-health-latin-america-official-document-womens-status-latin-america.md,matched,
/node/1604,/president-bushs-remarks-warsaw-july-9-1989/,node,1604,sources/president-bushs-remarks-warsaw-july-9-1989.md,matched,
/node/1605,/reacting-german-reunification/,node,1605,sources/reacting-german-reunification.md,matched,
/node/1606,/margaret-thatchers-views-mikhail-gorbachev/,node,1606,sources/margaret-thatchers-views-mikhail-gorbachev.md,matched,
/node/1607,/pledge-jasna-gora/,node,1607,sources/pledge-jasna-gora.md,matched,
/node/1608,/excerpts-sermon-given-primate-stefan-wyszynski-1976/,node,1608,sources/excerpts-sermon-given-primate-stefan-wyszynski-1976.md,matched,
/node/1609,/prayer-fatherland/,node,1609,sources/prayer-fatherland.md,matched,
/node/161,/exorcism-ridding-france-devil-napoleon/,node,161,sources/exorcism-ridding-france-devil-napoleon.md,matched,
/node/1610,/excerpt-letter-episcopate-parish-clergy-poland-1981/,node,1610,sources/excerpt-letter-episcopate-parish-clergy-poland-1981.md,matched,
/node/1611,/anonymous-sermon-1982/,node,1611,sources/anonymous-sermon-1982.md,matched,
/node/1612,/excerpts-sermon-given-pope-john-paul-ii-warsaw-1987/,node,1612,sources/excerpts-sermon-given-pope-john-paul-ii-warsaw-1987.md,matched,
/node/1613,/us-hopes-future-hungary/,node,1613,sources/us-hopes-future-hungary.md,matched,
/node/1614,/president-bushs-interview-polish-journalists/,node,1614,sources/president-bushs-interview-polish-journalists.md,matched,
/node/1615,/president-bush-and-chancellor-kohl-discuss-eastern-europe/,node,1615,sources/president-bush-and-chancellor-kohl-discuss-eastern-europe.md,matched,
/node/1616,/joint-news-conference-following-discussions-chancellor-helmut-kohl-federal-republic-germany/,node,1616,sources/joint-news-conference-following-discussions-chancellor-helmut-kohl-federal-republic-germany.md,matched,
/node/1617,/chancellor-kohl-describes-opening-german-border/,node,1617,sources/chancellor-kohl-describes-opening-german-border.md,matched,
/node/1618,/chancellor-kohl-and-president-bush-discuss-influx-east-germans-and-kohls-meeting-michael-gorbachev/,node,1618,sources/chancellor-kohl-and-president-bush-discuss-influx-east-germans-and-kohls-meeting-michael-gorbachev.md,matched,
/node/1619,/president-bush-comments-relaxation-east-german-border-controls/,node,1619,sources/president-bush-comments-relaxation-east-german-border-controls.md,matched,
/node/162,/great-heroism-nineteenth-century/,node,162,sources/great-heroism-nineteenth-century.md,matched,
/node/1620,/president-bush-grants-hungary-most-favored-nation-trade-status/,node,1620,sources/president-bush-grants-hungary-most-favored-nation-trade-status.md,matched,
/node/1621,/president-bushs-remarks-symposium-eastern-europe/,node,1621,sources/president-bushs-remarks-symposium-eastern-europe.md,matched,
/node/1622,/president-bushs-remarks-solidarity-workers-monument/,node,1622,sources/president-bushs-remarks-solidarity-workers-monument.md,matched,
/node/1623,/president-bush-and-chancellor-kohl-make-remarks-german-unification/,node,1623,sources/president-bush-and-chancellor-kohl-make-remarks-german-unification.md,matched,
/node/1624,/president-bush-welcomes-vaclav-havel-white-house/,node,1624,sources/president-bush-welcomes-vaclav-havel-white-house.md,matched,
/node/1625,/joint-press-conference-president-bush-and-chairman-gorbachev-malta-summit/,node,1625,sources/joint-press-conference-president-bush-and-chairman-gorbachev-malta-summit.md,matched,
/node/1626,/remarks-celebrating-reunification-germany/,node,1626,sources/remarks-celebrating-reunification-germany.md,matched,
/node/1627,/appealing-college-students-hungary/,node,1627,sources/appealing-college-students-hungary.md,matched,
/node/1628,/women-and-stalinism-newspaper-daily-life/,node,1628,sources/women-and-stalinism-newspaper-daily-life.md,matched,
/node/1629,/women-and-stalinism-newspaper-womens-education/,node,1629,sources/women-and-stalinism-newspaper-womens-education.md,matched,
/node/163,/great-man/,node,163,sources/great-man.md,matched,
/node/1630,/women-and-stalinism-newspaper-womens-activism/,node,1630,sources/women-and-stalinism-newspaper-womens-activism.md,matched,
/node/1631,/cultural-contact-southern-africa-will-laurens-verbrugge-and-beletje-frederikszoon/,node,1631,sources/cultural-contact-southern-africa-will-laurens-verbrugge-and-beletje-frederikszoon.md,matched,
/node/1632,/cultural-contact-southern-africa-law-alcohol-sale/,node,1632,sources/cultural-contact-southern-africa-law-alcohol-sale.md,matched,
/node/1633,/cultural-contact-southern-africa-law-slave-women-and-children/,node,1633,sources/cultural-contact-southern-africa-law-slave-women-and-children.md,matched,
/node/1634,/early-modern-period-fiction-gargantua-and-pantagruel/,node,1634,sources/early-modern-period-fiction-gargantua-and-pantagruel.md,matched,
/node/1635,/early-modern-period-nonfiction-confucian-doctrine/,node,1635,sources/early-modern-period-nonfiction-confucian-doctrine.md,matched,
/node/1636,/early-modern-period-petition-ming-china/,node,1636,sources/early-modern-period-petition-ming-china.md,matched,
/node/1637,/early-modern-period-nonfiction-jesuit-relations/,node,1637,sources/early-modern-period-nonfiction-jesuit-relations.md,matched,
/node/1638,/early-modern-period-autobiography-bahina-bai/,node,1638,sources/early-modern-period-autobiography-bahina-bai.md,matched,
/node/1639,/early-modern-period-autobiography-gluckel-hameln/,node,1639,sources/early-modern-period-autobiography-gluckel-hameln.md,matched,
/node/164,/little-cartesian-devil/,node,164,sources/little-cartesian-devil.md,matched,
/node/1640,/sati-letter-francois-bernier/,node,1640,sources/sati-letter-francois-bernier.md,matched,
/node/1641,/british-empire-letter-mary-moffat/,node,1641,sources/british-empire-letter-mary-moffat.md,matched,
/node/1642,/british-empire-autobiography-mary-seacole/,node,1642,sources/british-empire-autobiography-mary-seacole.md,matched,
/node/1643,/british-empire-travel-narrative-mary-kingsley/,node,1643,sources/british-empire-travel-narrative-mary-kingsley.md,matched,
/node/1644,/british-empire-fiction-nervous-conditions/,node,1644,sources/british-empire-fiction-nervous-conditions.md,matched,
/node/1645,/british-empire-fiction-indian-tales-great-ones/,node,1645,sources/british-empire-fiction-indian-tales-great-ones.md,matched,
/node/1646,/british-empire-autobiography-head-above-water/,node,1646,sources/british-empire-autobiography-head-above-water.md,matched,
/node/1647,/divorce-soviet-union-0/,node,1647,sources/divorce-soviet-union-0.md,matched,
/node/1648,/child-re-enacting-krishna-story/,node,1648,sources/child-re-enacting-krishna-story.md,matched,
/node/1649,/gender-and-health-latin-america-committee-hearing-sterilization-peru/,node,1649,sources/gender-and-health-latin-america-committee-hearing-sterilization-peru.md,matched,
/node/165,/song-end-whole-world-now-chases-him/,node,165,sources/song-end-whole-world-now-chases-him.md,matched,
/node/1650,/gender-and-health-latin-america-newspaper-domestic-violence-brazil/,node,1650,sources/gender-and-health-latin-america-newspaper-domestic-violence-brazil.md,matched,
/node/1651,/gender-and-health-latin-america-law-maternity-leave-cuba/,node,1651,sources/gender-and-health-latin-america-law-maternity-leave-cuba.md,matched,
/node/1652,/gender-and-health-latin-america-interview-abortion-rights-chile/,node,1652,sources/gender-and-health-latin-america-interview-abortion-rights-chile.md,matched,
/node/1653,/gender-and-health-latin-america-personal-account-prostitution-mexico/,node,1653,sources/gender-and-health-latin-america-personal-account-prostitution-mexico.md,matched,
/node/1654,/czechoslovak-anti-charter-1977/,node,1654,sources/czechoslovak-anti-charter-1977.md,matched,
/node/1655,/president-bushs-remarks-polish-national-assembly/,node,1655,sources/president-bushs-remarks-polish-national-assembly.md,matched,
/node/1656,/statement-press-secretary-fitzwater-economic-assistance-poland-and-hungary/,node,1656,sources/statement-press-secretary-fitzwater-economic-assistance-poland-and-hungary.md,matched,
/node/1657,/president-bushs-statement-anniversary-berlin-wall/,node,1657,sources/president-bushs-statement-anniversary-berlin-wall.md,matched,
/node/1658,/president-bush-and-prime-minister-tadeusz-mazowiecki-poland-trade-toasts/,node,1658,sources/president-bush-and-prime-minister-tadeusz-mazowiecki-poland-trade-toasts.md,matched,
/node/1659,/nato-statement-future-east-west-relations/,node,1659,sources/nato-statement-future-east-west-relations.md,matched,
/node/166,/my-dear-son-napoleon-child-devil/,node,166,sources/my-dear-son-napoleon-child-devil.md,matched,
/node/1660,/nato-celebrates-german-reunification/,node,1660,sources/nato-celebrates-german-reunification.md,matched,
/node/1661,/nato-statement-its-role-reshaping-east-west-relations/,node,1661,sources/nato-statement-its-role-reshaping-east-west-relations.md,matched,
/node/1662,/nato-speech-establishment-german-unity/,node,1662,sources/nato-speech-establishment-german-unity.md,matched,
/node/1663,/nato-statement-achieving-stability-europe/,node,1663,sources/nato-statement-achieving-stability-europe.md,matched,
/node/1664,/president-reagan-discusses-soviet-violations-arms-control-agreements-prime-minister-margaret/,node,1664,sources/president-reagan-discusses-soviet-violations-arms-control-agreements-prime-minister-margaret.md,matched,
/node/1665,/president-reagan-addresses-congress-following-us-soviet-summit-geneva/,node,1665,sources/president-reagan-addresses-congress-following-us-soviet-summit-geneva.md,matched,
/node/1666,/president-reagan-discusses-his-meetings-mikhail-gorbachev-iceland/,node,1666,sources/president-reagan-discusses-his-meetings-mikhail-gorbachev-iceland.md,matched,
/node/1667,/president-reagan-discusses-summit-meeting-mikhail-gorbachev-1987/,node,1667,sources/president-reagan-discusses-summit-meeting-mikhail-gorbachev-1987.md,matched,
/node/1668,/president-reagan-discusses-crisis-poland/,node,1668,sources/president-reagan-discusses-crisis-poland.md,matched,
/node/1669,/president-reagan-proposes-missile-defense-system/,node,1669,sources/president-reagan-proposes-missile-defense-system.md,matched,
/node/167,/day-10-august-1792/,node,167,sources/day-10-august-1792.md,matched,
/node/1670,/president-reagan-answers-questions-about-iceland-summit/,node,1670,sources/president-reagan-answers-questions-about-iceland-summit.md,matched,
/node/1671,/us-support-perestroika/,node,1671,sources/us-support-perestroika.md,matched,
/node/1672,/president-reagans-radio-address-soviet-union-geneva-summit/,node,1672,sources/president-reagans-radio-address-soviet-union-geneva-summit.md,matched,
/node/1673,/gender-and-health-latin-america-interview-reproductive-rights-brazil/,node,1673,sources/gender-and-health-latin-america-interview-reproductive-rights-brazil.md,matched,
/node/1674,/gender-and-health-latin-america-interview-violence-against-women-uruguay/,node,1674,sources/gender-and-health-latin-america-interview-violence-against-women-uruguay.md,matched,
/node/1675,/gender-and-health-latin-america-personal-account-education-honduras/,node,1675,sources/gender-and-health-latin-america-personal-account-education-honduras.md,matched,
/node/1676,/puerto-rican-labor-movement-magazine-eleanor-roosevelt/,node,1676,sources/puerto-rican-labor-movement-magazine-eleanor-roosevelt.md,matched,
/node/1677,/puerto-rican-labor-movement-newspaper-needle-worker-strike/,node,1677,sources/puerto-rican-labor-movement-newspaper-needle-worker-strike.md,matched,
/node/1679,/writers-heian-era-diary-sei-shonagon-1/,node,1679,sources/writers-heian-era-diary-sei-shonagon-1.md,matched,
/node/168,/20-june-1791-anonymous-drawing/,node,168,sources/20-june-1791-anonymous-drawing.md,matched,
/node/1680,/writers-heian-era-diary-sei-shonagon-2/,node,1680,sources/writers-heian-era-diary-sei-shonagon-2.md,matched,
/node/1681,/writers-heian-era-diary-sei-shonagon-3/,node,1681,sources/writers-heian-era-diary-sei-shonagon-3.md,matched,
/node/1682,/writers-heian-era-diary-sei-shonagon-4/,node,1682,sources/writers-heian-era-diary-sei-shonagon-4.md,matched,
/node/1683,/writers-heian-era-fiction-tale-genji-1/,node,1683,sources/writers-heian-era-fiction-tale-genji-1.md,matched,
/node/1684,/writers-heian-era-diary-lady-sarashina/,node,1684,sources/writers-heian-era-diary-lady-sarashina.md,matched,
/node/1685,/peace-afghanistan/,node,1685,sources/peace-afghanistan.md,matched,
/node/1686,/president-reagans-evil-empire-speech-national-association-evangelicals/,node,1686,sources/president-reagans-evil-empire-speech-national-association-evangelicals.md,matched,
/node/1687,/president-reagans-remarks-brandenburg-gate/,node,1687,sources/president-reagans-remarks-brandenburg-gate.md,matched,
/node/1688,/continuing-arms-reduction-after-inf-treaty/,node,1688,sources/continuing-arms-reduction-after-inf-treaty.md,matched,
/node/1689,/reagans-support-human-rights/,node,1689,sources/reagans-support-human-rights.md,matched,
/node/169,/democrat-or-reason-and-philosophy/,node,169,sources/democrat-or-reason-and-philosophy.md,matched,
/node/1690,/hungarys-prime-minister-discusses-future/,node,1690,sources/hungarys-prime-minister-discusses-future.md,matched,
/node/1691,/prime-minister-thatchers-press-conference-moscow/,node,1691,sources/prime-minister-thatchers-press-conference-moscow.md,matched,
/node/1692,/margaret-thatcher-discusses-fall-berlin-wall/,node,1692,sources/margaret-thatcher-discusses-fall-berlin-wall.md,matched,
/node/1693,/margaret-thatcher-toasts-vaclav-havel/,node,1693,sources/margaret-thatcher-toasts-vaclav-havel.md,matched,
/node/1694,/prime-minister-thatcher-addresses-polish-government/,node,1694,sources/prime-minister-thatcher-addresses-polish-government.md,matched,
/node/1695,/prime-minister-thatcher-addresses-mikhail-gorbachev/,node,1695,sources/prime-minister-thatcher-addresses-mikhail-gorbachev.md,matched,
/node/1696,/thatchers-speech-czech-federal-assembly/,node,1696,sources/thatchers-speech-czech-federal-assembly.md,matched,
/node/1697,/jewish-rights-soviet-union/,node,1697,sources/jewish-rights-soviet-union.md,matched,
/node/1698,/letter-lech-walesa-council-state/,node,1698,sources/letter-lech-walesa-council-state.md,matched,
/node/1699,/speech-mr-jozef-czyrek-founding-meeting-polish-club-international-relations/,node,1699,sources/speech-mr-jozef-czyrek-founding-meeting-polish-club-international-relations.md,matched,
/node/170,/foreign-tree/,node,170,sources/foreign-tree.md,matched,
/node/1700,/report-working-conference-opposition-leaders/,node,1700,sources/report-working-conference-opposition-leaders.md,matched,
/node/1701,/europe-common-home/,node,1701,sources/europe-common-home.md,matched,
/node/1702,/havels-new-years-address-nation-1990/,node,1702,sources/havels-new-years-address-nation-1990.md,matched,
/node/1703,/havels-independence-day-address-1990/,node,1703,sources/havels-independence-day-address-1990.md,matched,
/node/1704,/announcement-protest-bratislava/,node,1704,sources/announcement-protest-bratislava.md,matched,
/node/1705,/united-nations-evaluation-peacekeeping-process-yugoslavia/,node,1705,sources/united-nations-evaluation-peacekeeping-process-yugoslavia.md,matched,
/node/1706,/un-security-council-civil-war-yugoslavia/,node,1706,sources/un-security-council-civil-war-yugoslavia.md,matched,
/node/1707,/winter-soviet-military/,node,1707,sources/winter-soviet-military.md,matched,
/node/1708,/white-house-evaluates-soviet-intelligence-capabilities/,node,1708,sources/white-house-evaluates-soviet-intelligence-capabilities.md,matched,
/node/1709,/cia-briefing-soviet-tactical-nuclear-forces/,node,1709,sources/cia-briefing-soviet-tactical-nuclear-forces.md,matched,
/node/171,/french-gentleman-court-louis-xvi/,node,171,sources/french-gentleman-court-louis-xvi.md,matched,
/node/1710,/yugoslav-ambassador-reports-current-situation-romania/,node,1710,sources/yugoslav-ambassador-reports-current-situation-romania.md,matched,
/node/1711,/soviet-union-over-next-four-years/,node,1711,sources/soviet-union-over-next-four-years.md,matched,
/node/1712,/provision-restatement-names-and-surnames/,node,1712,sources/provision-restatement-names-and-surnames.md,matched,
/node/1713,/short-teaching-module-surnames-and-nationality/,node,1713,teaching/short-teaching-module-surnames-and-nationality.md,matched,
/node/1714,/strategy-relations-european-socialist-countries/,node,1714,sources/strategy-relations-european-socialist-countries.md,matched,
/node/1715,/changes-eastern-europe-and-their-impact-ussr/,node,1715,sources/changes-eastern-europe-and-their-impact-ussr.md,matched,
/node/1716,/hungary-announces-1956-peoples-uprising/,node,1716,sources/hungary-announces-1956-peoples-uprising.md,matched,
/node/1717,/soviet-withdrawal-afghanistan/,node,1717,sources/soviet-withdrawal-afghanistan.md,matched,
/node/1718,/mikhail-gorbachev-reports-trilateral-commission/,node,1718,sources/mikhail-gorbachev-reports-trilateral-commission.md,matched,
/node/1719,/plans-reorganizing-solidarity/,node,1719,sources/plans-reorganizing-solidarity.md,matched,
/node/172,/grateful-france-proclaims-napoleon-first-emperor-frence/,node,172,sources/grateful-france-proclaims-napoleon-first-emperor-frence.md,matched,
/node/1720,/president-elect-bush-informs-mikhail-gorbachev-his-need-time-formulate-new-policies/,node,1720,sources/president-elect-bush-informs-mikhail-gorbachev-his-need-time-formulate-new-policies.md,matched,
/node/1721,/soviet-dissidents-and-brain-drain/,node,1721,sources/soviet-dissidents-and-brain-drain.md,matched,
/node/1722,/short-teaching-module-childhood-and-transatlantic-slavery/,node,1722,teaching/short-teaching-module-childhood-and-transatlantic-slavery.md,matched,
/node/1723,/short-teaching-module-play-tokugawa-japan/,node,1723,teaching/short-teaching-module-play-tokugawa-japan.md,matched,
/node/1724,/short-teaching-module-children-culture-and-folktales/,node,1724,teaching/short-teaching-module-children-culture-and-folktales.md,matched,
/node/1725,/writers-heian-era-fiction-tale-genji-2/,node,1725,sources/writers-heian-era-fiction-tale-genji-2.md,matched,
/node/1727,/dona-marina-cortes-translator-painting-santa-barraza/,node,1727,sources/dona-marina-cortes-translator-painting-santa-barraza.md,matched,
/node/1728,/short-teaching-module-chinese-propaganda-posters/,node,1728,teaching/short-teaching-module-chinese-propaganda-posters.md,matched,
/node/1729,/southeast-asian-politics-song-philippine-feminist-movement/,node,1729,sources/southeast-asian-politics-song-philippine-feminist-movement.md,matched,
/node/173,/positive-view/,node,173,sources/positive-view.md,matched,
/node/1730,/southeast-asian-politics-website-sisters-islam/,node,1730,sources/southeast-asian-politics-website-sisters-islam.md,matched,
/node/1731,/cultural-contact-southern-africa-letters-johanna-maria-van-riebeeck/,node,1731,sources/cultural-contact-southern-africa-letters-johanna-maria-van-riebeeck.md,matched,
/node/1732,/short-teaching-module-roman-childrens-sarcophagi/,node,1732,teaching/short-teaching-module-roman-childrens-sarcophagi.md,matched,
/node/1733,/short-teaching-module-remembering-tiananmen-square/,node,1733,teaching/short-teaching-module-remembering-tiananmen-square.md,matched,
/node/1734,/report-working-visit-wojciech-jaruzelski-moscow/,node,1734,sources/report-working-visit-wojciech-jaruzelski-moscow.md,matched,
/node/1735,/excerpt-anatoly-chernyaevs-diary/,node,1735,sources/excerpt-anatoly-chernyaevs-diary.md,matched,
/node/1736,/miscellaneous-jokes-gdr-jokes-c/,node,1736,sources/miscellaneous-jokes-gdr-jokes-c.md,matched,
/node/1737,/short-teaching-module-children-and-witchcraft-16th-c/,node,1737,teaching/short-teaching-module-children-and-witchcraft-16th-c.md,matched,
/node/1739,/short-teaching-module-czech-independence-day-speech/,node,1739,teaching/short-teaching-module-czech-independence-day-speech.md,matched,
/node/174,/women-and-stalinism-drawing-old-way-life/,node,174,sources/women-and-stalinism-drawing-old-way-life.md,matched,
/node/1740,/short-teaching-module-letter-bratislava-five/,node,1740,teaching/short-teaching-module-letter-bratislava-five.md,matched,
/node/1741,/short-teaching-module-orphans-and-colonialism-17th-c/,node,1741,teaching/short-teaching-module-orphans-and-colonialism-17th-c.md,matched,
/node/1742,/short-teaching-module-grimms-childrens-and-household-tales/,node,1742,teaching/short-teaching-module-grimms-childrens-and-household-tales.md,matched,
/node/1743,/short-teaching-module-russian-youth-and-masculinity-19th-c/,node,1743,teaching/short-teaching-module-russian-youth-and-masculinity-19th-c.md,matched,
/node/1744,/lech-walesas-plans-roundtable-talks/,node,1744,sources/lech-walesas-plans-roundtable-talks.md,matched,
/node/1745,/short-teaching-module-jewish-children-holocaust/,node,1745,teaching/short-teaching-module-jewish-children-holocaust.md,matched,
/node/1746,/short-teaching-module-rules-thalmann-pioneers-20th-c/,node,1746,teaching/short-teaching-module-rules-thalmann-pioneers-20th-c.md,matched,
/node/1747,/short-teaching-module-children-and-human-rights-20th-c/,node,1747,teaching/short-teaching-module-children-and-human-rights-20th-c.md,matched,
/node/1748,/lech-walesas-plans-roundtable-talks-0/,node,1748,sources/lech-walesas-plans-roundtable-talks-0.md,matched,
/node/1749,/soviet-plan-respond-political-crises-soviet-republics/,node,1749,sources/soviet-plan-respond-political-crises-soviet-republics.md,matched,
/node/175,/abstention-rate-napoleonic-plebiscites/,node,175,sources/abstention-rate-napoleonic-plebiscites.md,matched,
/node/1750,/conversations-between-catholic-church-and-polish-government/,node,1750,sources/conversations-between-catholic-church-and-polish-government.md,matched,
/node/1751,/gorbachev-discusses-de-militarization/,node,1751,sources/gorbachev-discusses-de-militarization.md,matched,
/node/1752,/polish-government-reports-domestic-unrest/,node,1752,sources/polish-government-reports-domestic-unrest.md,matched,
/node/1753,/short-teaching-module-codex-mendoza-16th-c/,node,1753,teaching/short-teaching-module-codex-mendoza-16th-c.md,matched,
/node/1754,/short-teaching-module-girlhood-and-little-women/,node,1754,teaching/short-teaching-module-girlhood-and-little-women.md,matched,
/node/1755,/short-teaching-module-children-and-disability-19th-20th-c/,node,1755,teaching/short-teaching-module-children-and-disability-19th-20th-c.md,matched,
/node/1756,/short-teaching-module-winsor-mccays-little-nemo-slumberland/,node,1756,teaching/short-teaching-module-winsor-mccays-little-nemo-slumberland.md,matched,
/node/1757,/short-teaching-module-graffiti-gender-and-youth-20th-c/,node,1757,teaching/short-teaching-module-graffiti-gender-and-youth-20th-c.md,matched,
/node/1758,/short-teaching-module-children-and-daguerreotypes-19th-c/,node,1758,teaching/short-teaching-module-children-and-daguerreotypes-19th-c.md,matched,
/node/1759,/diapers/,node,1759,sources/diapers.md,matched,
/node/176,/abuses-suppress/,node,176,sources/abuses-suppress.md,matched,
/node/1760,/food/,node,1760,sources/food.md,matched,
/node/1761,/gorbachev-discusses-impact-western-goods-eastern-bloc/,node,1761,sources/gorbachev-discusses-impact-western-goods-eastern-bloc.md,matched,
/node/1762,/soviet-policy-toward-eastern-europe-under-gorbachev/,node,1762,sources/soviet-policy-toward-eastern-europe-under-gorbachev.md,matched,
/node/1763,/report-future-soviet-military-eastern-europe/,node,1763,sources/report-future-soviet-military-eastern-europe.md,matched,
/node/1764,/religious-freedom-soviet-union/,node,1764,sources/religious-freedom-soviet-union.md,matched,
/node/1765,/arms-reductions-and-warsaw-pact/,node,1765,sources/arms-reductions-and-warsaw-pact.md,matched,
/node/1766,/debating-participation-roundtable-talks/,node,1766,sources/debating-participation-roundtable-talks.md,matched,
/node/1767,/lech-walesas-plans-roundtable-talks-1/,node,1767,sources/lech-walesas-plans-roundtable-talks-1.md,matched,
/node/1768,/report-progress-roundtable-talks/,node,1768,sources/report-progress-roundtable-talks.md,matched,
/node/1769,/further-discussions-roundtable-talks/,node,1769,sources/further-discussions-roundtable-talks.md,matched,
/node/177,/act-justice/,node,177,sources/act-justice.md,matched,
/node/1770,/soviets-discuss-perestroika-other-communist-countries/,node,1770,sources/soviets-discuss-perestroika-other-communist-countries.md,matched,
/node/1771,/us-reaction-chernobyl-explosion/,node,1771,sources/us-reaction-chernobyl-explosion.md,matched,
/node/1772,/us-reaction-armenian-earthquake/,node,1772,sources/us-reaction-armenian-earthquake.md,matched,
/node/1773,/gender-roles-among-nahua-codex-mendoza/,node,1773,sources/gender-roles-among-nahua-codex-mendoza.md,matched,
/node/1774,/long-teaching-module-new-zealand-childhoods-18th-20th-c/,node,1774,teaching/long-teaching-module-new-zealand-childhoods-18th-20th-c.md,matched,
/node/1777,/state-department-views-european-security-prior-1990-washington-summit/,node,1777,sources/state-department-views-european-security-prior-1990-washington-summit.md,matched,
/node/1778,/assessing-future-soviet-military/,node,1778,sources/assessing-future-soviet-military.md,matched,
/node/1779,/future-eastern-europe/,node,1779,sources/future-eastern-europe.md,matched,
/node/178,/active-citizen-passive-citizen/,node,178,sources/active-citizen-passive-citizen.md,matched,
/node/1780,/president-bush-orders-review-us-government-international-broadcasting-activities/,node,1780,sources/president-bush-orders-review-us-government-international-broadcasting-activities.md,matched,
/node/1781,/talking-points-malta-meeting/,node,1781,sources/talking-points-malta-meeting.md,matched,
/node/1782,/ethnic-minority-demonstrations-bulgaria/,node,1782,sources/ethnic-minority-demonstrations-bulgaria.md,matched,
/node/1783,/us-embassy-assessment-political-change-bulgaria/,node,1783,sources/us-embassy-assessment-political-change-bulgaria.md,matched,
/node/1784,/assessing-future-bulgarian-communist-party/,node,1784,sources/assessing-future-bulgarian-communist-party.md,matched,
/node/1785,/protests-yugoslavia/,node,1785,sources/protests-yugoslavia.md,matched,
/node/1786,/soviet-response-romanian-uprising/,node,1786,sources/soviet-response-romanian-uprising.md,matched,
/node/1787,/romanian-assessment-recent-events-eastern-europe/,node,1787,sources/romanian-assessment-recent-events-eastern-europe.md,matched,
/node/1788,/possible-soviet-intervention-romania/,node,1788,sources/possible-soviet-intervention-romania.md,matched,
/node/1789,/breakdowns-soviet-romanian-relations/,node,1789,sources/breakdowns-soviet-romanian-relations.md,matched,
/node/179,/ah-monsignor/,node,179,sources/ah-monsignor.md,matched,
/node/1790,/resolving-turkish-question-bulgaria/,node,1790,sources/resolving-turkish-question-bulgaria.md,matched,
/node/1791,/official-romanian-version-december-events/,node,1791,sources/official-romanian-version-december-events.md,matched,
/node/1792,/us-reaction-romanian-violence/,node,1792,sources/us-reaction-romanian-violence.md,matched,
/node/1793,/improving-status-turks-bulgaria/,node,1793,sources/improving-status-turks-bulgaria.md,matched,
/node/1794,/us-plans-influence-bulgarian-political-changes/,node,1794,sources/us-plans-influence-bulgarian-political-changes.md,matched,
/node/1796,/four-horsemen-apocalypse-eastern-europe/,node,1796,sources/four-horsemen-apocalypse-eastern-europe.md,matched,
/node/1797,/us-plans-upcoming-meetings-soviet-leaders/,node,1797,sources/us-plans-upcoming-meetings-soviet-leaders.md,matched,
/node/1798,/bulgarias-first-non-communist-political-party/,node,1798,sources/bulgarias-first-non-communist-political-party.md,matched,
/node/1799,/rewriting-article-1-bulgarian-constitution/,node,1799,sources/rewriting-article-1-bulgarian-constitution.md,matched,
/node/180,/allegory-truth/,node,180,sources/allegory-truth.md,matched,
/node/1800,/pro-communist-rally-bulgaria/,node,1800,sources/pro-communist-rally-bulgaria.md,matched,
/node/1801,/helsinki-accords-declaration-human-rights/,node,1801,sources/helsinki-accords-declaration-human-rights.md,matched,
/node/1802,/inf-treaty/,node,1802,sources/inf-treaty.md,matched,
/node/1804,/theses-discussion-polish-leadership/,node,1804,sources/theses-discussion-polish-leadership.md,matched,
/node/1806,/friendly-working-visit-poland/,node,1806,sources/friendly-working-visit-poland.md,matched,
/node/1807,/report-poland/,node,1807,sources/report-poland.md,matched,
/node/1808,/brezhnevs-report-poland/,node,1808,sources/brezhnevs-report-poland.md,matched,
/node/1809,/tightening-soviet-borders-poland/,node,1809,sources/tightening-soviet-borders-poland.md,matched,
/node/181,/emblematical-view-constitutions-england-and-france/,node,181,sources/emblematical-view-constitutions-england-and-france.md,matched,
/node/1810,/brezhnev-and-warsaw-pact/,node,1810,sources/brezhnev-and-warsaw-pact.md,matched,
/node/1811,/lech-walesas-trip-italy/,node,1811,sources/lech-walesas-trip-italy.md,matched,
/node/1812,/latest-news-solidarity/,node,1812,sources/latest-news-solidarity.md,matched,
/node/1813,/soviet-negotiations-poland/,node,1813,sources/soviet-negotiations-poland.md,matched,
/node/1814,/more-alarming-news-poland/,node,1814,sources/more-alarming-news-poland.md,matched,
/node/1815,/deciding-polands-fate/,node,1815,sources/deciding-polands-fate.md,matched,
/node/1816,/new-evolutionism/,node,1816,sources/new-evolutionism.md,matched,
/node/1817,/politburo-discusses-solidarity/,node,1817,sources/politburo-discusses-solidarity.md,matched,
/node/1818,/brezhnevs-decision-poland/,node,1818,sources/brezhnevs-decision-poland.md,matched,
/node/1819,/decisions-polish-leadership/,node,1819,sources/decisions-polish-leadership.md,matched,
/node/182,/analyzing-objects/,node,182,methods/analyzing-objects.md,matched,
/node/1820,/brezhnev-gets-forced-make-decision/,node,1820,sources/brezhnev-gets-forced-make-decision.md,matched,
/node/1821,/hard-line-poland/,node,1821,sources/hard-line-poland.md,matched,
/node/1822,/exchange-opinions-polish-question/,node,1822,sources/exchange-opinions-polish-question.md,matched,
/node/1823,/who-controls-poland/,node,1823,sources/who-controls-poland.md,matched,
/node/1824,/unacceptable-liberalism-poland/,node,1824,sources/unacceptable-liberalism-poland.md,matched,
/node/1825,/economic-woes-warsaw-pact/,node,1825,sources/economic-woes-warsaw-pact.md,matched,
/node/1826,/preparing-martial-law-poland/,node,1826,sources/preparing-martial-law-poland.md,matched,
/node/1827,/samizdat-consumer-goods/,node,1827,sources/samizdat-consumer-goods.md,matched,
/node/1828,/samizdat-five-year-plan/,node,1828,sources/samizdat-five-year-plan.md,matched,
/node/1829,/samizdat-tuzex/,node,1829,sources/samizdat-tuzex.md,matched,
/node/183,/hagia-sophia/,node,183,sources/hagia-sophia.md,matched,
/node/1830,/rude-pravo-housing/,node,1830,sources/rude-pravo-housing.md,matched,
/node/1831,/british-parliamentary-papers/,node,1831,sources/british-parliamentary-papers.md,matched,
/node/1832,/long-teaching-module-education-middle-east-1200-2010/,node,1832,teaching/long-teaching-module-education-middle-east-1200-2010.md,matched,
/node/1833,/long-teaching-module-parents-children-and-political-authority-19th-century-argentina/,node,1833,teaching/long-teaching-module-parents-children-and-political-authority-19th-century-argentina.md,matched,
/node/1834,/panelaks-and-housing-estates/,node,1834,sources/panelaks-and-housing-estates.md,matched,
/node/1835,/samizdat-houses-culture-and-entertainment/,node,1835,sources/samizdat-houses-culture-and-entertainment.md,matched,
/node/1836,/rude-pravo-youth-discontent/,node,1836,sources/rude-pravo-youth-discontent.md,matched,
/node/1837,/rude-pravo-music/,node,1837,sources/rude-pravo-music.md,matched,
/node/1838,/rude-pravo-alcohol-and-cigarette-abuse/,node,1838,sources/rude-pravo-alcohol-and-cigarette-abuse.md,matched,
/node/1839,/prace-health/,node,1839,sources/prace-health.md,matched,
/node/184,/hagia-sophia-floor-plan/,node,184,sources/hagia-sophia-floor-plan.md,matched,
/node/1840,/rude-pravo-water-pollution/,node,1840,sources/rude-pravo-water-pollution.md,matched,
/node/1841,/samizdat-air-pollution/,node,1841,sources/samizdat-air-pollution.md,matched,
/node/1842,/rude-pravo-central-committee-meeting/,node,1842,sources/rude-pravo-central-committee-meeting.md,matched,
/node/1843,/treaty-final-settlement-respect-germany/,node,1843,sources/treaty-final-settlement-respect-germany.md,matched,
/node/1844,/campaign-save-danube-river/,node,1844,sources/campaign-save-danube-river.md,matched,
/node/1845,/emerging-environmental-movement/,node,1845,sources/emerging-environmental-movement.md,matched,
/node/1846,/warsaw-pact/,node,1846,sources/warsaw-pact.md,matched,
/node/1847,/expelling-turks-bulgaria/,node,1847,sources/expelling-turks-bulgaria.md,matched,
/node/1848,/mothers-experience-bulgaria/,node,1848,sources/mothers-experience-bulgaria.md,matched,
/node/1849,/attacks-roma-bucharest/,node,1849,sources/attacks-roma-bucharest.md,matched,
/node/185,/mercator-projection/,node,185,sources/mercator-projection.md,matched,
/node/1850,/ethnic-violence-romania/,node,1850,sources/ethnic-violence-romania.md,matched,
/node/1851,/polish-fears-german-reunification/,node,1851,sources/polish-fears-german-reunification.md,matched,
/node/1852,/yugoslavia-outworn-structure/,node,1852,sources/yugoslavia-outworn-structure.md,matched,
/node/1853,/understanding-prague-spring/,node,1853,sources/understanding-prague-spring.md,matched,
/node/1854,/danger-humor-gdr-jokes/,node,1854,sources/danger-humor-gdr-jokes.md,matched,
/node/1855,/long-teaching-module-sexuality-marriage-and-age-consent-laws-1700-2000/,node,1855,teaching/long-teaching-module-sexuality-marriage-and-age-consent-laws-1700-2000.md,matched,
/node/1856,/long-teaching-module-childrens-health-early-modern-england/,node,1856,teaching/long-teaching-module-childrens-health-early-modern-england.md,matched,
/node/1857,/long-teaching-module-children-during-black-death/,node,1857,teaching/long-teaching-module-children-during-black-death.md,matched,
/node/1858,/humor-all-occasions-gdr-jokes-b/,node,1858,sources/humor-all-occasions-gdr-jokes-b.md,matched,
/node/1859,/miscellaneous-jokes-gdr-jokes-c-0/,node,1859,sources/miscellaneous-jokes-gdr-jokes-c-0.md,matched,
/node/186,/mercator-projection-eurasia-centered/,node,186,sources/mercator-projection-eurasia-centered.md,matched,
/node/1860,/after-wende-gdr-jokes-d/,node,1860,sources/after-wende-gdr-jokes-d.md,matched,
/node/1861,/legalization-versus-re-legalization-nszz-solidarity/,node,1861,sources/legalization-versus-re-legalization-nszz-solidarity.md,matched,
/node/1862,/cia-intelligence-assessment-rising-political-instability-under-gorbachev/,node,1862,sources/cia-intelligence-assessment-rising-political-instability-under-gorbachev.md,matched,
/node/1863,/report-vadim-zagladin-his-conversation-chairman-czechoslovak/,node,1863,sources/report-vadim-zagladin-his-conversation-chairman-czechoslovak.md,matched,
/node/1864,/warsaw-embassy-cable-election-1989/,node,1864,sources/warsaw-embassy-cable-election-1989.md,matched,
/node/1865,/national-security-directive-response-polish-roundtable-agreement/,node,1865,sources/national-security-directive-response-polish-roundtable-agreement.md,matched,
/node/1866,/czecholslovak-description-vltava-89-exercise/,node,1866,sources/czecholslovak-description-vltava-89-exercise.md,matched,
/node/1867,/warsaw-embassy-cable-election-89-solidaritys-coming-election/,node,1867,sources/warsaw-embassy-cable-election-89-solidaritys-coming-election.md,matched,
/node/1868,/minutes-meeting-pzrr-cc-secretariat-after-elections/,node,1868,sources/minutes-meeting-pzrr-cc-secretariat-after-elections.md,matched,
/node/1869,/record-first-conversation-between-mikhail-gorbachev-and-frg-president-richard-von-weizsacker/,node,1869,sources/record-first-conversation-between-mikhail-gorbachev-and-frg-president-richard-von-weizsacker.md,matched,
/node/187,/analyzing-maps/,node,187,methods/analyzing-maps.md,matched,
/node/1870,/long-teaching-module-educational-reform-japan-19th-c/,node,1870,teaching/long-teaching-module-educational-reform-japan-19th-c.md,matched,
/node/1871,/long-teaching-module-children-late-imperial-china-900-1930/,node,1871,teaching/long-teaching-module-children-late-imperial-china-900-1930.md,matched,
/node/1872,/first-conversation-between-ms-gorbachev-and-chancellor-frg-h-kohl/,node,1872,sources/first-conversation-between-ms-gorbachev-and-chancellor-frg-h-kohl.md,matched,
/node/1873,/second-conversation-between-ms-gorbachev-and-frg-chancellor-h-kohl/,node,1873,sources/second-conversation-between-ms-gorbachev-and-frg-chancellor-h-kohl.md,matched,
/node/1874,/third-conversation-between-ms-gorbachev-and-frg-chancellor-h-kohl/,node,1874,sources/third-conversation-between-ms-gorbachev-and-frg-chancellor-h-kohl.md,matched,
/node/1875,/warsaw-embassy-cable-how-elect-jaruzelski-without-voting-him-and-will-he-run/,node,1875,sources/warsaw-embassy-cable-how-elect-jaruzelski-without-voting-him-and-will-he-run.md,matched,
/node/1876,/warsaw-embassy-cable-poland-looks-president-bush/,node,1876,sources/warsaw-embassy-cable-poland-looks-president-bush.md,matched,
/node/1877,/conversation-mikhail-gorbachev-and-francois-mitterand/,node,1877,sources/conversation-mikhail-gorbachev-and-francois-mitterand.md,matched,
/node/1878,/soviet-population-table-nationality-1970/,node,1878,sources/soviet-population-table-nationality-1970.md,matched,
/node/1879,/ukrainian-central-committee-ethnic-issues/,node,1879,sources/ukrainian-central-committee-ethnic-issues.md,matched,
/node/188,/analyzing-music/,node,188,methods/analyzing-music.md,matched,
/node/1880,/gorbachevs-tv-address-interethnic-relations/,node,1880,sources/gorbachevs-tv-address-interethnic-relations.md,matched,
/node/1881,/communist-partys-role-estonias-fate-revealed/,node,1881,sources/communist-partys-role-estonias-fate-revealed.md,matched,
/node/1882,/latvian-group-wants-full-political-independence/,node,1882,sources/latvian-group-wants-full-political-independence.md,matched,
/node/1883,/turkmen-partys-niazov-discusses-ethnic-issues/,node,1883,sources/turkmen-partys-niazov-discusses-ethnic-issues.md,matched,
/node/1884,/uzbek-minister-restoring-order-tashkent/,node,1884,sources/uzbek-minister-restoring-order-tashkent.md,matched,
/node/1885,/lithuanian-communist-party-declares-independence/,node,1885,sources/lithuanian-communist-party-declares-independence.md,matched,
/node/1886,/minutes-meeting-presidium-citizens-parliamentary-club/,node,1886,sources/minutes-meeting-presidium-citizens-parliamentary-club.md,matched,
/node/1887,/minutes-meeting-polish-citizens-parliamentary-club/,node,1887,sources/minutes-meeting-polish-citizens-parliamentary-club.md,matched,
/node/1888,/warsaw-embassy-cable-conversation-general-kiszczak/,node,1888,sources/warsaw-embassy-cable-conversation-general-kiszczak.md,matched,
/node/1889,/secretary-state-cable-solidarity-government-dialogue/,node,1889,sources/secretary-state-cable-solidarity-government-dialogue.md,matched,
/node/189,/ordinary-guillotine/,node,189,sources/ordinary-guillotine.md,matched,
/node/1890,/moscow-embassy-cable-if-solidarity-takes-charge-what-will-soviets-do/,node,1890,sources/moscow-embassy-cable-if-solidarity-takes-charge-what-will-soviets-do.md,matched,
/node/1891,/minutes-meeting-presidium-citizens-parliamentary-club-0/,node,1891,sources/minutes-meeting-presidium-citizens-parliamentary-club-0.md,matched,
/node/1892,/record-conversation-between-representative-opposition-roundtable-and-boris-stukalin/,node,1892,sources/record-conversation-between-representative-opposition-roundtable-and-boris-stukalin.md,matched,
/node/1893,/south-texas-border-1900-1920-photographs-robert-runyon-collection/,node,1893,reviews/south-texas-border-1900-1920-photographs-robert-runyon-collection.md,matched,
/node/1894,/yad-vashem-world-holocaust-remembrance-center/,node,1894,reviews/yad-vashem-world-holocaust-remembrance-center.md,matched,
/node/1895,/vindolanda-tablets-online/,node,1895,reviews/vindolanda-tablets-online.md,matched,
/node/1896,/electronic-text-corpus-sumerian-literature/,node,1896,reviews/electronic-text-corpus-sumerian-literature.md,matched,
/node/1897,/internet-medieval-sourcebook/,node,1897,reviews/internet-medieval-sourcebook.md,matched,
/node/1898,/avalon-project-documents-law-history-and-diplomacy/,node,1898,reviews/avalon-project-documents-law-history-and-diplomacy.md,matched,
/node/1899,/spanish-american-war-motion-pictures/,node,1899,reviews/spanish-american-war-motion-pictures.md,matched,
/node/190,/aristocratic-occupations/,node,190,sources/aristocratic-occupations.md,matched,
/node/1900,/lacuscurtius-roman-world/,node,1900,reviews/lacuscurtius-roman-world.md,matched,
/node/1901,/long-teaching-module-children-ancient-china/,node,1901,teaching/long-teaching-module-children-ancient-china.md,matched,
/node/1902,/collage-london-picture-archive/,node,1902,reviews/collage-london-picture-archive.md,matched,
/node/1903,/long-teaching-module-african-scouting-20th-c/,node,1903,teaching/long-teaching-module-african-scouting-20th-c.md,matched,
/node/1904,/long-teaching-module-children-slave-trade/,node,1904,teaching/long-teaching-module-children-slave-trade.md,matched,
/node/1905,/fine-arts-hungary/,node,1905,reviews/fine-arts-hungary.md,matched,
/node/1906,/broadside-ballads-online/,node,1906,reviews/broadside-ballads-online.md,matched,
/node/1907,/nber-macrohistory-database/,node,1907,reviews/nber-macrohistory-database.md,matched,
/node/1908,/florilegium-urbanum/,node,1908,reviews/florilegium-urbanum.md,matched,
/node/1909,/activity-material-culture-and-childhood-20th-c/,node,1909,teaching/activity-material-culture-and-childhood-20th-c.md,matched,
/node/191,/army-jugs/,node,191,sources/army-jugs.md,matched,
/node/1910,/long-teaching-module-bhakti-poets/,node,1910,teaching/long-teaching-module-bhakti-poets.md,matched,
/node/1911,/sejarah-nusantara/,node,1911,reviews/sejarah-nusantara.md,matched,
/node/1912,/virtual-angkor/,node,1912,reviews/virtual-angkor.md,matched,
/node/1913,/medieval-and-early-modern-data-bank/,node,1913,reviews/medieval-and-early-modern-data-bank.md,matched,
/node/1914,/uysal-walker-archive-turkish-oral-narrative/,node,1914,reviews/uysal-walker-archive-turkish-oral-narrative.md,matched,
/node/1915,/mexican-american-war-and-media/,node,1915,reviews/mexican-american-war-and-media.md,matched,
/node/1916,/japanese-historical-maps/,node,1916,reviews/japanese-historical-maps.md,matched,
/node/1917,/census-1910-tuberculosis-data/,node,1917,sources/census-1910-tuberculosis-data.md,matched,
/node/1918,/renunciation-case-against-gertrudis-de-escobar-mexico-1659/,node,1918,sources/renunciation-case-against-gertrudis-de-escobar-mexico-1659.md,matched,
/node/1919,/excerpt-courrier-avignon/,node,1919,sources/excerpt-courrier-avignon.md,matched,
/node/192,/arrest-louis-capet-varennes-june-22-1791/,node,192,sources/arrest-louis-capet-varennes-june-22-1791.md,matched,
/node/1920,/vistas-visual-culture-spanish-america-1520-1820/,node,1920,reviews/vistas-visual-culture-spanish-america-1520-1820.md,matched,
/node/1921,/florence-catasto-1427/,node,1921,reviews/florence-catasto-1427.md,matched,
/node/1922,/gate-heavenly-peace/,node,1922,reviews/gate-heavenly-peace.md,matched,
/node/1923,/long-teaching-module-writers-heian-era/,node,1923,teaching/long-teaching-module-writers-heian-era.md,matched,
/node/1924,/long-teaching-module-women-islamic-world-600-1600/,node,1924,teaching/long-teaching-module-women-islamic-world-600-1600.md,matched,
/node/1925,/internet-african-history-sourcebook/,node,1925,reviews/internet-african-history-sourcebook.md,matched,
/node/1926,/gertrude-bell-project/,node,1926,reviews/gertrude-bell-project.md,matched,
/node/1927,/long-teaching-module-women-early-modern-world-1500-1800/,node,1927,teaching/long-teaching-module-women-early-modern-world-1500-1800.md,matched,
/node/1928,/foreign-relations-united-states-volume-xvii-near-east-1961-1962/,node,1928,reviews/foreign-relations-united-states-volume-xvii-near-east-1961-1962.md,matched,
/node/1929,/russian-church-and-native-alaskan-cultures/,node,1929,reviews/russian-church-and-native-alaskan-cultures.md,matched,
/node/193,/transportation-voltaire-french-pantheon-8-july-1792/,node,193,sources/transportation-voltaire-french-pantheon-8-july-1792.md,matched,
/node/1930,/long-teaching-module-cultural-contact-southern-africa/,node,1930,teaching/long-teaching-module-cultural-contact-southern-africa.md,matched,
/node/1931,/long-teaching-module-women-british-empire-1800-2000/,node,1931,teaching/long-teaching-module-women-british-empire-1800-2000.md,matched,
/node/1932,/long-teaching-module-north-african-women-and-french-empire-1850-2000/,node,1932,teaching/long-teaching-module-north-african-women-and-french-empire-1850-2000.md,matched,
/node/1933,/national-security-archive-sources-europe/,node,1933,reviews/national-security-archive-sources-europe.md,matched,
/node/1934,/complete-works-william-shakespeare/,node,1934,reviews/complete-works-william-shakespeare.md,matched,
/node/1935,/liberian-letters/,node,1935,reviews/liberian-letters.md,matched,
/node/1936,/long-teaching-module-gender-and-health-latin-america-1980-2010/,node,1936,teaching/long-teaching-module-gender-and-health-latin-america-1980-2010.md,matched,
/node/1937,/long-teaching-module-women-and-puerto-rican-labor-movement/,node,1937,teaching/long-teaching-module-women-and-puerto-rican-labor-movement.md,matched,
/node/1938,/letter-six-march-1989/,node,1938,sources/letter-six-march-1989.md,matched,
/node/1939,/grafitti-romanian-streets-december-1989-january-1990/,node,1939,sources/grafitti-romanian-streets-december-1989-january-1990.md,matched,
/node/194,/national-assembly-relinquishes-all-privileges/,node,194,sources/national-assembly-relinquishes-all-privileges.md,matched,
/node/1940,/birth-and-death-romania-october-1986/,node,1940,sources/birth-and-death-romania-october-1986.md,matched,
/node/1941,/telegram-minister-foreign-affairs-all-embassies-december-1989/,node,1941,sources/telegram-minister-foreign-affairs-all-embassies-december-1989.md,matched,
/node/1942,/minutes-meeting-between-nicolae-ceausescu-and-mikhail-gorbachev-december-1989/,node,1942,sources/minutes-meeting-between-nicolae-ceausescu-and-mikhail-gorbachev-december-1989.md,matched,
/node/1943,/timisoara-proclamation-march-1990/,node,1943,sources/timisoara-proclamation-march-1990.md,matched,
/node/1944,/transcript-closed-trial-nicolae-and-elena-ceausescu-december-1989/,node,1944,sources/transcript-closed-trial-nicolae-and-elena-ceausescu-december-1989.md,matched,
/node/1945,/discussion-between-gorbachev-and-mitterand-about-romania-july-1989/,node,1945,sources/discussion-between-gorbachev-and-mitterand-about-romania-july-1989.md,matched,
/node/1946,/price-increases-eastern-europe-special-regard-hungary/,node,1946,sources/price-increases-eastern-europe-special-regard-hungary.md,matched,
/node/1947,/poland-lost/,node,1947,sources/poland-lost.md,matched,
/node/1948,/serbian-academy-arts-and-sciences-sanu-memorandum-1986/,node,1948,sources/serbian-academy-arts-and-sciences-sanu-memorandum-1986.md,matched,
/node/1949,/declaration-charter-77/,node,1949,sources/declaration-charter-77.md,matched,
/node/195,/fraternity/,node,195,sources/fraternity.md,matched,
/node/1950,/press-release-regarding-berlin-wall-memorial-baker-institute-rice-university/,node,1950,sources/press-release-regarding-berlin-wall-memorial-baker-institute-rice-university.md,matched,
/node/1951,/womens-attitudes-toward-transition-democracy/,node,1951,sources/womens-attitudes-toward-transition-democracy.md,matched,
/node/1952,/vacations-under-socialism/,node,1952,sources/vacations-under-socialism.md,matched,
/node/1953,/womens-reflections-food-rationing-1980s/,node,1953,sources/womens-reflections-food-rationing-1980s.md,matched,
/node/1954,/womens-reflections-motherhood-and-reproduction-under-socialism/,node,1954,sources/womens-reflections-motherhood-and-reproduction-under-socialism.md,matched,
/node/1955,/letter-muhamet-kapllani-hans-dietrich-genscher-tirana-18-june-1991/,node,1955,sources/letter-muhamet-kapllani-hans-dietrich-genscher-tirana-18-june-1991.md,matched,
/node/1956,/remarks-east-west-relations-brandenburg-gate-west-berlin/,node,1956,sources/remarks-east-west-relations-brandenburg-gate-west-berlin.md,matched,
/node/1957,/photograph-needleworker/,node,1957,sources/photograph-needleworker.md,matched,
/node/1958,/womens-reflections-marital-relations-under-socialism/,node,1958,sources/womens-reflections-marital-relations-under-socialism.md,matched,
/node/1959,/official-document-womens-employment/,node,1959,sources/official-document-womens-employment.md,matched,
/node/196,/fusillade-faubourg-st-antoine-28-april-1789/,node,196,sources/fusillade-faubourg-st-antoine-28-april-1789.md,matched,
/node/1960,/womens-reflections-work-and-gender-relations-under-socialism/,node,1960,sources/womens-reflections-work-and-gender-relations-under-socialism.md,matched,
/node/1961,/excerpts-debate-between-lech-walesa-and-alfred-miodowicz-30-november-1988/,node,1961,sources/excerpts-debate-between-lech-walesa-and-alfred-miodowicz-30-november-1988.md,matched,
/node/1962,/official-document-police-letter/,node,1962,sources/official-document-police-letter.md,matched,
/node/1963,/catholic-churchs-role-roundtable-talks/,node,1963,sources/catholic-churchs-role-roundtable-talks.md,matched,
/node/1964,/geremek-solidaritys-strategy-restraint-spring-1989/,node,1964,sources/geremek-solidaritys-strategy-restraint-spring-1989.md,matched,
/node/1965,/long-teaching-module-women-and-politics-southeast-asia-1900-2000/,node,1965,teaching/long-teaching-module-women-and-politics-southeast-asia-1900-2000.md,matched,
/node/1966,/long-teaching-module-women-and-stalinism-1929-1939/,node,1966,teaching/long-teaching-module-women-and-stalinism-1929-1939.md,matched,
/node/1967,/telephone-call-president-george-h-w-bush-chancellor-helmut-kohl-germany/,node,1967,sources/telephone-call-president-george-h-w-bush-chancellor-helmut-kohl-germany.md,matched,
/node/1968,/telephone-call-chancellor-helmut-kohl-federal-republic-germany-president-george-h-w-bush/,node,1968,sources/telephone-call-chancellor-helmut-kohl-federal-republic-germany-president-george-h-w-bush.md,matched,
/node/1969,/letter-shevardnadze-gorbachev-about-romanian-crisis/,node,1969,sources/letter-shevardnadze-gorbachev-about-romanian-crisis.md,matched,
/node/197,/speech-garden-palais-royal/,node,197,sources/speech-garden-palais-royal.md,matched,
/node/1970,/instructions-coordinating-center-civic-forum-local-forums-recommendation-policy-toward-communists/,node,1970,sources/instructions-coordinating-center-civic-forum-local-forums-recommendation-policy-toward-communists.md,matched,
/node/1971,/teleprint-information-conclusions-nation-wide-party-congress-held-prague/,node,1971,sources/teleprint-information-conclusions-nation-wide-party-congress-held-prague.md,matched,
/node/1972,/internal-organization-civic-forum/,node,1972,sources/internal-organization-civic-forum.md,matched,
/node/1973,/position-civic-forum-and-public-against-violence-toward-negotiations-czechoslovak-prime-minister/,node,1973,sources/position-civic-forum-and-public-against-violence-toward-negotiations-czechoslovak-prime-minister.md,matched,
/node/1974,/list-goals-civic-forum/,node,1974,sources/list-goals-civic-forum.md,matched,
/node/1975,/speech-premier-ladislav-adamec-extraordinary-session-cpcz-cc-stating-his-preference-political/,node,1975,sources/speech-premier-ladislav-adamec-extraordinary-session-cpcz-cc-stating-his-preference-political.md,matched,
/node/1976,/teleprint-summary-demands-made-opposition-groups-represented-civic-forum/,node,1976,sources/teleprint-summary-demands-made-opposition-groups-represented-civic-forum.md,matched,
/node/1977,/teleprint-jozef-lenart-secretary-cc-cpcz-regional-committees-and-municipal-commitees-prague-and/,node,1977,sources/teleprint-jozef-lenart-secretary-cc-cpcz-regional-committees-and-municipal-commitees-prague-and.md,matched,
/node/1978,/declaration-civic-forum-representative-vaclav-havel-wenceslas-square/,node,1978,sources/declaration-civic-forum-representative-vaclav-havel-wenceslas-square.md,matched,
/node/1979,/teleprint-presidium-cc-cpcz-secretaries-regional-committees-cpcz-and-cps-and-party-municipal/,node,1979,sources/teleprint-presidium-cc-cpcz-secretaries-regional-committees-cpcz-and-cps-and-party-municipal.md,matched,
/node/198,/taking-weapons-invalides/,node,198,sources/taking-weapons-invalides.md,matched,
/node/1980,/letter-civic-forum-us-president-george-bush-and-ussr-general-secretary-mikhail-gorbachev/,node,1980,sources/letter-civic-forum-us-president-george-bush-and-ussr-general-secretary-mikhail-gorbachev.md,matched,
/node/1981,/civic-forums-position-negotiations-its-representatives-prime-minister-ladislav-adamec/,node,1981,sources/civic-forums-position-negotiations-its-representatives-prime-minister-ladislav-adamec.md,matched,
/node/1982,/sofia-embassy-cable-bulgarian-cp-politburo-member-lukanov-delivers-signal-bulgarian-developments/,node,1982,sources/sofia-embassy-cable-bulgarian-cp-politburo-member-lukanov-delivers-signal-bulgarian-developments.md,matched,
/node/1983,/czechoslovak-ministry-interior-memorandum-information-regarding-development-security-situation/,node,1983,sources/czechoslovak-ministry-interior-memorandum-information-regarding-development-security-situation.md,matched,
/node/1984,/civic-forums-exposition-its-position-public-life-call-nonviolence-tolerance-and-dialogue/,node,1984,sources/civic-forums-exposition-its-position-public-life-call-nonviolence-tolerance-and-dialogue.md,matched,
/node/1985,/prague-embassy-cable-november-21-morning-demonstration-wenceslas-square-overheard-conversations/,node,1985,sources/prague-embassy-cable-november-21-morning-demonstration-wenceslas-square-overheard-conversations.md,matched,
/node/1986,/prague-embassy-cable-student-strike-situation-report/,node,1986,sources/prague-embassy-cable-student-strike-situation-report.md,matched,
/node/1987,/prague-embassy-cable-demonstrations-prague-and-other-czechoslovak-cities-november-20/,node,1987,sources/prague-embassy-cable-demonstrations-prague-and-other-czechoslovak-cities-november-20.md,matched,
/node/1988,/prague-embassy-cable-popular-and-soviet-pressure-reform-converge-jakes-leadership/,node,1988,sources/prague-embassy-cable-popular-and-soviet-pressure-reform-converge-jakes-leadership.md,matched,
/node/1989,/prague-embassy-cable-american-womans-account-november-17-demonstration-and-death-czech-student/,node,1989,sources/prague-embassy-cable-american-womans-account-november-17-demonstration-and-death-czech-student.md,matched,
/node/199,/taking-bastille/,node,199,sources/taking-bastille.md,matched,
/node/1990,/prague-embassy-cable-czechoslovak-independents-establish-new-organization-and-list-agenda-demands/,node,1990,sources/prague-embassy-cable-czechoslovak-independents-establish-new-organization-and-list-agenda-demands.md,matched,
/node/1991,/prague-embassy-cable-czechoslovak-press-coverage-demonstration-and-list-agenda-demands/,node,1991,sources/prague-embassy-cable-czechoslovak-press-coverage-demonstration-and-list-agenda-demands.md,matched,
/node/1992,/prague-embassy-cable-demonstrations-continue-over-weekend-prague/,node,1992,sources/prague-embassy-cable-demonstrations-continue-over-weekend-prague.md,matched,
/node/1993,/prague-embassy-cable-embassy-protest-attack-american-journalist-during-november-17-19/,node,1993,sources/prague-embassy-cable-embassy-protest-attack-american-journalist-during-november-17-19.md,matched,
/node/1994,/long-teaching-module-sati/,node,1994,teaching/long-teaching-module-sati.md,matched,
/node/1995,/long-teaching-module-dona-marina-cortes-translator/,node,1995,teaching/long-teaching-module-dona-marina-cortes-translator.md,matched,
/node/1996,/long-teaching-module-catholic-church-poland-1950-2000/,node,1996,teaching/long-teaching-module-catholic-church-poland-1950-2000.md,matched,
/node/1997,/proclamation-establishment-civic-forum/,node,1997,sources/proclamation-establishment-civic-forum.md,matched,
/node/1998,/teleprint-cc-cpcz-first-secretary-cc-cps-and-secretaries-regional-and-district-committees/,node,1998,sources/teleprint-cc-cpcz-first-secretary-cc-cps-and-secretaries-regional-and-district-committees.md,matched,
/node/1999,/prague-embassy-cable-brutal-suppression-czech-students-demonstration/,node,1999,sources/prague-embassy-cable-brutal-suppression-czech-students-demonstration.md,matched,
/node/20,/south-seas/,node,20,reviews/south-seas.md,matched,
/node/200,/baaka-women-dancing-hunting-dance-ndambo/,node,200,sources/baaka-women-dancing-hunting-dance-ndambo.md,matched,
/node/2000,/letter-andrzej-slowik-roundtable-chair-wladyslaw-findeisen/,node,2000,sources/letter-andrzej-slowik-roundtable-chair-wladyslaw-findeisen.md,matched,
/node/2001,/minutes-no-64-expanded-meeting-pzpr-cc-central-committee-communist-party-secretariat-june-5-1989/,node,2001,sources/minutes-no-64-expanded-meeting-pzpr-cc-central-committee-communist-party-secretariat-june-5-1989.md,matched,
/node/2002,/president-george-hw-bush-and-solidarity-leader-lech-walesa-question-and-answer-session-reporters/,node,2002,sources/president-george-hw-bush-and-solidarity-leader-lech-walesa-question-and-answer-session-reporters.md,matched,
/node/2003,/remembering-dead/,node,2003,sources/remembering-dead.md,matched,
/node/2004,/excerpt-freye-kliers-diary/,node,2004,sources/excerpt-freye-kliers-diary.md,matched,
/node/2005,/russian-revolution-problem-dictatorship/,node,2005,sources/russian-revolution-problem-dictatorship.md,matched,
/node/2006,/verbal-message-mikhail-gorbachev-helmut-kohl/,node,2006,sources/verbal-message-mikhail-gorbachev-helmut-kohl.md,matched,
/node/2007,/guenter-schabowskis-press-conference-gdr-international-press-center/,node,2007,sources/guenter-schabowskis-press-conference-gdr-international-press-center.md,matched,
/node/2008,/sofia-embassy-cable-bulgarian-reportage-krenz-gorbachev-summit-stresses-unanimity-stability-and/,node,2008,sources/sofia-embassy-cable-bulgarian-reportage-krenz-gorbachev-summit-stresses-unanimity-stability-and.md,matched,
/node/2009,/documenting-democracy-australias-story/,node,2009,reviews/documenting-democracy-australias-story.md,matched,
/node/201,/mabo-song/,node,201,sources/mabo-song.md,matched,
/node/2010,/soviet-record-conversation-between-mikhail-gorbachev-and-egon-krenz/,node,2010,sources/soviet-record-conversation-between-mikhail-gorbachev-and-egon-krenz.md,matched,
/node/2011,/memorandum-conversation-between-egon-krenz-secretary-general-socialist-unity-party-and-mikhail-s/,node,2011,sources/memorandum-conversation-between-egon-krenz-secretary-general-socialist-unity-party-and-mikhail-s.md,matched,
/node/2012,/national-security-archive-sources-latin-america/,node,2012,reviews/national-security-archive-sources-latin-america.md,matched,
/node/2013,/czechoslovak-ministry-interior-memorandum-security-situation-cssr-period-28-october/,node,2013,sources/czechoslovak-ministry-interior-memorandum-security-situation-cssr-period-28-october.md,matched,
/node/2014,/bonn-embassy-cable-german-question-and-reunification/,node,2014,sources/bonn-embassy-cable-german-question-and-reunification.md,matched,
/node/2015,/telephone-call-chancellor-helmut-kohl-federal-republic-germany/,node,2015,sources/telephone-call-chancellor-helmut-kohl-federal-republic-germany.md,matched,
/node/2016,/berlin-embassy-cable-gdr-crisis-honecker-era-fades-quickly/,node,2016,sources/berlin-embassy-cable-gdr-crisis-honecker-era-fades-quickly.md,matched,
/node/2017,/czechoslovak-ministry-interior-memorandum-information-security-situation-cssr/,node,2017,sources/czechoslovak-ministry-interior-memorandum-information-security-situation-cssr.md,matched,
/node/2018,/excerpts-chernyaevs-theses-prepared-gorbachevs-report-defense-council/,node,2018,sources/excerpts-chernyaevs-theses-prepared-gorbachevs-report-defense-council.md,matched,
/node/2019,/us-mission-cable-summary-berlin-press-end-cold-war/,node,2019,sources/us-mission-cable-summary-berlin-press-end-cold-war.md,matched,
/node/2020,/christian-classics-ethereal-library/,node,2020,reviews/christian-classics-ethereal-library.md,matched,
/node/2021,/memorandum-regarding-conversation-between-vadim-medvedev-and-kurt-hager-cc-cpsu-moscow/,node,2021,sources/memorandum-regarding-conversation-between-vadim-medvedev-and-kurt-hager-cc-cpsu-moscow.md,matched,
/node/2022,/excerpt-diary-anatoly-chernyaev/,node,2022,sources/excerpt-diary-anatoly-chernyaev.md,matched,
/node/2023,/record-main-content-conversation-between-mikhail-gorbachev-and-members-politburo-central-committee/,node,2023,sources/record-main-content-conversation-between-mikhail-gorbachev-and-members-politburo-central-committee.md,matched,
/node/2024,/berlin-embassy-cable-gdr-political-crisis-still-deepening-october-6-1989/,node,2024,sources/berlin-embassy-cable-gdr-political-crisis-still-deepening-october-6-1989.md,matched,
/node/2025,/excerpt-diary-anatoly-chernyaev-0/,node,2025,sources/excerpt-diary-anatoly-chernyaev-0.md,matched,
/node/2026,/berlin-embassy-cable-gdr-political-crisis-still-deepening-october-4-1989/,node,2026,sources/berlin-embassy-cable-gdr-political-crisis-still-deepening-october-4-1989.md,matched,
/node/2028,/national-intelligence-council-memorandum-status-soviet-unilateral-withdrawals/,node,2028,sources/national-intelligence-council-memorandum-status-soviet-unilateral-withdrawals.md,matched,
/node/2029,/national-security-directive-23-united-states-relations-soviet-union/,node,2029,sources/national-security-directive-23-united-states-relations-soviet-union.md,matched,
/node/203,/people-reading-gazette/,node,203,sources/people-reading-gazette.md,matched,
/node/2030,/letter-gdr-ambassador-hungary-gerd-vehres-foreign-minister-osker-fischer/,node,2030,sources/letter-gdr-ambassador-hungary-gerd-vehres-foreign-minister-osker-fischer.md,matched,
/node/2031,/transcript-sed-politburo-session-held-5-september-1989-east-germany/,node,2031,sources/transcript-sed-politburo-session-held-5-september-1989-east-germany.md,matched,
/node/2032,/us-reaction-new-prime-minister-poland/,node,2032,sources/us-reaction-new-prime-minister-poland.md,matched,
/node/2033,/czechoslovak-secret-police-memorandum-information-security-situation/,node,2033,sources/czechoslovak-secret-police-memorandum-information-security-situation.md,matched,
/node/2034,/czechoslovak-secret-police-memorandum-information-regarding-situation-cssr/,node,2034,sources/czechoslovak-secret-police-memorandum-information-regarding-situation-cssr.md,matched,
/node/2035,/warsaw-embassy-cable-bronislaw-geremek-explains-next-steps-toward-solidarity-government/,node,2035,sources/warsaw-embassy-cable-bronislaw-geremek-explains-next-steps-toward-solidarity-government.md,matched,
/node/2036,/statistics-catholicism-poland-after-fall-communism/,node,2036,sources/statistics-catholicism-poland-after-fall-communism.md,matched,
/node/2038,/long-teaching-module-nationalities-and-breakup-soviet-union-1989-2000/,node,2038,teaching/long-teaching-module-nationalities-and-breakup-soviet-union-1989-2000.md,matched,
/node/2039,/urban-dharma-buddhism-america/,node,2039,reviews/urban-dharma-buddhism-america.md,matched,
/node/204,/analyzing-newspapers/,node,204,methods/analyzing-newspapers.md,matched,
/node/2040,/long-teaching-module-economies-transition-eastern-europe-1970-1990/,node,2040,teaching/long-teaching-module-economies-transition-eastern-europe-1970-1990.md,matched,
/node/2041,/mexico-empire-revolution/,node,2041,reviews/mexico-empire-revolution.md,matched,
/node/2042,/long-teaching-module-everyday-life-eastern-europe-1980s/,node,2042,teaching/long-teaching-module-everyday-life-eastern-europe-1980s.md,matched,
/node/2043,/long-teaching-module-solidarity-comes-power-poland-1989/,node,2043,teaching/long-teaching-module-solidarity-comes-power-poland-1989.md,matched,
/node/2044,/activity-simulating-velvet-revolution/,node,2044,teaching/activity-simulating-velvet-revolution.md,matched,
/node/2045,/short-teaching-module-soviet-health-posters/,node,2045,teaching/short-teaching-module-soviet-health-posters.md,matched,
/node/2046,/short-teaching-module-women-romania/,node,2046,teaching/short-teaching-module-women-romania.md,matched,
/node/2047,/short-teaching-module-reagan-brandenburg-gate/,node,2047,teaching/short-teaching-module-reagan-brandenburg-gate.md,matched,
/node/2048,/guaman-poma-el-primer-nueva-coronica-y-buen-gobierno/,node,2048,reviews/guaman-poma-el-primer-nueva-coronica-y-buen-gobierno.md,matched,
/node/2049,/short-teaching-module-memory-east-germany/,node,2049,teaching/short-teaching-module-memory-east-germany.md,matched,
/node/205,/gulhane-proclamation/,node,205,sources/gulhane-proclamation.md,matched,
/node/2050,/short-teaching-module-consumerism-poland/,node,2050,teaching/short-teaching-module-consumerism-poland.md,matched,
/node/2051,/morning-sun/,node,2051,reviews/morning-sun.md,matched,
/node/2052,/vatican-library/,node,2052,reviews/vatican-library.md,matched,
/node/2053,/ling-long-womens-magazine-shanghai-1931-1937/,node,2053,reviews/ling-long-womens-magazine-shanghai-1931-1937.md,matched,
/node/2054,/victorian-women-writers-project/,node,2054,reviews/victorian-women-writers-project.md,matched,
/node/2055,/long-teaching-module-romanian-revolution-1989/,node,2055,teaching/long-teaching-module-romanian-revolution-1989.md,matched,
/node/2058,/letters-milada-horakova/,node,2058,sources/letters-milada-horakova.md,matched,
/node/2059,/short-teaching-module-letters-milada-horakova/,node,2059,teaching/short-teaching-module-letters-milada-horakova.md,matched,
/node/206,/ottoman-bill-rights/,node,206,sources/ottoman-bill-rights.md,matched,
/node/2060,/web-museum-paris/,node,2060,reviews/web-museum-paris.md,matched,
/node/2061,/decisions-superior-courts-new-south-wales-1788-1899/,node,2061,reviews/decisions-superior-courts-new-south-wales-1788-1899.md,matched,
/node/2062,/true-history-conquest-new-spain/,node,2062,sources/true-history-conquest-new-spain.md,matched,
/node/2063,/florentine-codex/,node,2063,sources/florentine-codex.md,matched,
/node/2065,/mesoamerican-photo-archives/,node,2065,reviews/mesoamerican-photo-archives.md,matched,
/node/2066,/short-teaching-module-john-ovingtons-voyage-surat-year-1689/,node,2066,teaching/short-teaching-module-john-ovingtons-voyage-surat-year-1689.md,matched,
/node/2067,/school-journal-1907-magazine/,node,2067,sources/school-journal-1907-magazine.md,matched,
/node/2068,/great-archaeological-sites/,node,2068,reviews/great-archaeological-sites.md,matched,
/node/2069,/short-teaching-module-filipino-comfort-women/,node,2069,teaching/short-teaching-module-filipino-comfort-women.md,matched,
/node/207,/analyzing-official-documents/,node,207,methods/analyzing-official-documents.md,matched,
/node/2070,/i-didnt-raise-my-boy-be-soldier-song/,node,2070,sources/i-didnt-raise-my-boy-be-soldier-song.md,matched,
/node/2071,/oriental-institute-museum-photographic-archives/,node,2071,reviews/oriental-institute-museum-photographic-archives.md,matched,
/node/2072,/piglas-diwa-newsletterbooklet/,node,2072,sources/piglas-diwa-newsletterbooklet.md,matched,
/node/2073,/long-teaching-module-reading-primary-sources-history-children-youth/,node,2073,teaching/long-teaching-module-reading-primary-sources-history-children-youth.md,matched,
/node/2074,/rbi-monetary-museum-galleries/,node,2074,reviews/rbi-monetary-museum-galleries.md,matched,
/node/2076,/exotic-white-man-print/,node,2076,sources/exotic-white-man-print.md,matched,
/node/2077,/journeys-time-1809-1822-diaries-lachlan-and-elizabeth-macquarie/,node,2077,reviews/journeys-time-1809-1822-diaries-lachlan-and-elizabeth-macquarie.md,matched,
/node/2078,/tibetan-and-himalayan-digital-library/,node,2078,reviews/tibetan-and-himalayan-digital-library.md,matched,
/node/2079,/viettouch/,node,2079,reviews/viettouch.md,matched,
/node/208,/excerpt-memoirs-glikl/,node,208,sources/excerpt-memoirs-glikl.md,matched,
/node/2080,/cambodian-genocide-program/,node,2080,reviews/cambodian-genocide-program.md,matched,
/node/2081,/sejarah-melayu-history-malay-peninsula/,node,2081,reviews/sejarah-melayu-history-malay-peninsula.md,matched,
/node/2082,/short-teaching-module-humor-resistance/,node,2082,teaching/short-teaching-module-humor-resistance.md,matched,
/node/2084,/poverty-observed-journal-country-priest/,node,2084,sources/poverty-observed-journal-country-priest.md,matched,
/node/2085,/poverty-auvergne/,node,2085,sources/poverty-auvergne.md,matched,
/node/2086,/two-peasants-repairing-cart/,node,2086,sources/two-peasants-repairing-cart.md,matched,
/node/2087,/arthur-young-views-countryside/,node,2087,sources/arthur-young-views-countryside.md,matched,
/node/2088,/traditional-order-defended/,node,2088,sources/traditional-order-defended.md,matched,
/node/2089,/excerpt-history-mary-prince/,node,2089,sources/excerpt-history-mary-prince.md,matched,
/node/209,/excerpt-memoirs-catharina-schrader/,node,209,sources/excerpt-memoirs-catharina-schrader.md,matched,
/node/2090,/people-under-old-regime/,node,2090,sources/people-under-old-regime.md,matched,
/node/2091,/short-teaching-module-slavery-labor-and-gender/,node,2091,teaching/short-teaching-module-slavery-labor-and-gender.md,matched,
/node/2092,/saint-marcel-neighborhood/,node,2092,sources/saint-marcel-neighborhood.md,matched,
/node/2093,/apprentices-and-masters/,node,2093,sources/apprentices-and-masters.md,matched,
/node/2094,/bread-riot/,node,2094,sources/bread-riot.md,matched,
/node/2095,/voltaires-understanding-inequality/,node,2095,sources/voltaires-understanding-inequality.md,matched,
/node/2096,/montesquieus-attack-nobility/,node,2096,sources/montesquieus-attack-nobility.md,matched,
/node/2097,/beaumarchaiss-understandings-inequality/,node,2097,sources/beaumarchaiss-understandings-inequality.md,matched,
/node/2098,/scandal-church-jose-de-alfaro-accuses-dona-theresa-bravo-and-others-insulting-and-beating-his/,node,2098,sources/scandal-church-jose-de-alfaro-accuses-dona-theresa-bravo-and-others-insulting-and-beating-his.md,matched,
/node/2099,/tension-between-rich-and-poor/,node,2099,sources/tension-between-rich-and-poor.md,matched,
/node/21,/secret-englands-greatness/,node,21,sources/secret-englands-greatness.md,matched,
/node/210,/analyzing-personal-accounts/,node,210,methods/analyzing-personal-accounts.md,matched,
/node/2100,/joyous-accord/,node,2100,sources/joyous-accord.md,matched,
/node/2101,/source-collection-social-causes-french-revolution/,node,2101,teaching/source-collection-social-causes-french-revolution.md,matched,
/node/2102,/gender-and-race-colonial-latin-america-don-manuel-valdivieso-y-carrion-protests-marriage-his/,node,2102,sources/gender-and-race-colonial-latin-america-don-manuel-valdivieso-y-carrion-protests-marriage-his.md,matched,
/node/2103,/gender-and-race-colonial-latin-america-most-vile-atrocities-accusations-slander-against-maria/,node,2103,sources/gender-and-race-colonial-latin-america-most-vile-atrocities-accusations-slander-against-maria.md,matched,
/node/2104,/short-teaching-module-gender-and-race-colonial-latin-america/,node,2104,teaching/short-teaching-module-gender-and-race-colonial-latin-america.md,matched,
/node/2105,/general-federation-french/,node,2105,sources/general-federation-french.md,matched,
/node/2106,/through-me-you-are-all-brothers/,node,2106,sources/through-me-you-are-all-brothers.md,matched,
/node/2107,/reunion/,node,2107,sources/reunion.md,matched,
/node/2108,/awakening-third-estate/,node,2108,sources/awakening-third-estate.md,matched,
/node/2109,/i-was-sure-we-would-have-our-turn/,node,2109,sources/i-was-sure-we-would-have-our-turn.md,matched,
/node/211,/excerpt-ledyards-journal/,node,211,sources/excerpt-ledyards-journal.md,matched,
/node/2110,/beauty-and-darkness-cambodia/,node,2110,reviews/beauty-and-darkness-cambodia.md,matched,
/node/2111,/oath-new-horaces/,node,2111,sources/oath-new-horaces.md,matched,
/node/2112,/we-must-hope-it-will-soon-be-over/,node,2112,sources/we-must-hope-it-will-soon-be-over.md,matched,
/node/2113,/abolition-nobility/,node,2113,sources/abolition-nobility.md,matched,
/node/2114,/internet-ancient-history-sourcebook/,node,2114,reviews/internet-ancient-history-sourcebook.md,matched,
/node/2115,/welcoming-marquis-hell/,node,2115,sources/welcoming-marquis-hell.md,matched,
/node/2116,/project-wittenberg/,node,2116,reviews/project-wittenberg.md,matched,
/node/2117,/crushed-aristocracy/,node,2117,sources/crushed-aristocracy.md,matched,
/node/2118,/cahiers-parish-cahier/,node,2118,sources/cahiers-parish-cahier.md,matched,
/node/2119,/three-cahiers-orleans/,node,2119,sources/three-cahiers-orleans.md,matched,
/node/212,/analyzing-travel-narratives/,node,212,methods/analyzing-travel-narratives.md,matched,
/node/2120,/cahiers-rural-districts-attack-seigneurial-dues/,node,2120,sources/cahiers-rural-districts-attack-seigneurial-dues.md,matched,
/node/2121,/departure-three-orders-versailles/,node,2121,sources/departure-three-orders-versailles.md,matched,
/node/2122,/beware-wealthy-bourgeoisie/,node,2122,sources/beware-wealthy-bourgeoisie.md,matched,
/node/2123,/populace-awake/,node,2123,sources/populace-awake.md,matched,
/node/2124,/gifts-speech-womens-speeches-around-world/,node,2124,reviews/gifts-speech-womens-speeches-around-world.md,matched,
/node/2125,/le-chapelier-law/,node,2125,sources/le-chapelier-law.md,matched,
/node/2126,/abuses-suppress-0/,node,2126,sources/abuses-suppress-0.md,matched,
/node/2127,/good-sans-culotte/,node,2127,sources/good-sans-culotte.md,matched,
/node/2128,/manifesto-enrages/,node,2128,sources/manifesto-enrages.md,matched,
/node/2129,/murder-eratosthenes/,node,2129,sources/murder-eratosthenes.md,matched,
/node/213,/excerpts-hadith-aisha/,node,213,sources/excerpts-hadith-aisha.md,matched,
/node/2130,/inside-revolutionary-committee-during-reign-terror/,node,2130,sources/inside-revolutionary-committee-during-reign-terror.md,matched,
/node/2131,/babeufs-trial/,node,2131,sources/babeufs-trial.md,matched,
/node/2132,/attack-seigneurial-dues/,node,2132,sources/attack-seigneurial-dues.md,matched,
/node/2133,/constitution-lacedaemonians/,node,2133,sources/constitution-lacedaemonians.md,matched,
/node/2134,/third-estate-marrying-priests-nuns/,node,2134,sources/third-estate-marrying-priests-nuns.md,matched,
/node/2135,/monks-learning-exercise/,node,2135,sources/monks-learning-exercise.md,matched,
/node/2136,/life-lycurgus/,node,2136,sources/life-lycurgus.md,matched,
/node/2137,/moralia/,node,2137,sources/moralia.md,matched,
/node/2138,/short-teaching-module-women-classical-athens-and-sparta/,node,2138,teaching/short-teaching-module-women-classical-athens-and-sparta.md,matched,
/node/2139,/excerpt-against-neaira/,node,2139,sources/excerpt-against-neaira.md,matched,
/node/214,/prophet-muhammad-and-aisha/,node,214,sources/prophet-muhammad-and-aisha.md,matched,
/node/2140,/letter-birmingham-jail/,node,2140,sources/letter-birmingham-jail.md,matched,
/node/2141,/short-teaching-module-modern-racism-us-and-south-africa/,node,2141,teaching/short-teaching-module-modern-racism-us-and-south-africa.md,matched,
/node/2142,/report-jacobin-society-besancon-refractory-priests/,node,2142,sources/report-jacobin-society-besancon-refractory-priests.md,matched,
/node/2143,/letter-rabaut-de-saint-etienne-minister-interior-27-february-1791/,node,2143,sources/letter-rabaut-de-saint-etienne-minister-interior-27-february-1791.md,matched,
/node/2144,/proclamation-department-seine-et-oise-9-march-1792/,node,2144,sources/proclamation-department-seine-et-oise-9-march-1792.md,matched,
/node/2145,/bossuet-nature-and-properties-royal-authority/,node,2145,sources/bossuet-nature-and-properties-royal-authority.md,matched,
/node/2146,/moreau-origins-french-monarchy/,node,2146,sources/moreau-origins-french-monarchy.md,matched,
/node/2147,/coronation-louis-xvi-gazette-france-1775/,node,2147,sources/coronation-louis-xvi-gazette-france-1775.md,matched,
/node/2148,/damiens-being-broken-wheel/,node,2148,sources/damiens-being-broken-wheel.md,matched,
/node/2149,/removal-parlements/,node,2149,sources/removal-parlements.md,matched,
/node/215,/analyzing-religious-texts/,node,215,methods/analyzing-religious-texts.md,matched,
/node/2150,/louis-sixteenth-king-france-and-navarre/,node,2150,sources/louis-sixteenth-king-france-and-navarre.md,matched,
/node/2151,/louis-xvi-distributes-aid-poor/,node,2151,sources/louis-xvi-distributes-aid-poor.md,matched,
/node/2152,/source-collection-monarchy-embattled/,node,2152,teaching/source-collection-monarchy-embattled.md,matched,
/node/2153,/french-constitution-rights-man-and-citizen/,node,2153,sources/french-constitution-rights-man-and-citizen.md,matched,
/node/2154,/reason/,node,2154,sources/reason.md,matched,
/node/2155,/source-collection-enlightenment-and-human-rights/,node,2155,teaching/source-collection-enlightenment-and-human-rights.md,matched,
/node/2156,/liberty-0/,node,2156,sources/liberty-0.md,matched,
/node/2157,/petition-right/,node,2157,sources/petition-right.md,matched,
/node/2159,/source-collection-paris-and-politics-rebellion/,node,2159,teaching/source-collection-paris-and-politics-rebellion.md,matched,
/node/2160,/swaziland-digital-archives/,node,2160,reviews/swaziland-digital-archives.md,matched,
/node/2161,/africa-focus-sights-and-sounds-continent/,node,2161,reviews/africa-focus-sights-and-sounds-continent.md,matched,
/node/2162,/source-collection-women-and-revolution/,node,2162,teaching/source-collection-women-and-revolution.md,matched,
/node/2163,/robespierres-second-speech-28-december-1792/,node,2163,sources/robespierres-second-speech-28-december-1792.md,matched,
/node/2164,/tragic-end-louis-xvi/,node,2164,sources/tragic-end-louis-xvi.md,matched,
/node/2165,/source-collection-french-monarchy-falls/,node,2165,teaching/source-collection-french-monarchy-falls.md,matched,
/node/2166,/expulsion-girondins/,node,2166,sources/expulsion-girondins.md,matched,
/node/2167,/festival-supreme-being/,node,2167,sources/festival-supreme-being.md,matched,
/node/2168,/bonaparte-visiting-hospital-jaffa/,node,2168,sources/bonaparte-visiting-hospital-jaffa.md,matched,
/node/2169,/british-liberty-tree/,node,2169,sources/british-liberty-tree.md,matched,
/node/217,/drunkard/,node,217,sources/drunkard.md,matched,
/node/2170,/source-collection-war-terror-and-resistance-french-revolution/,node,2170,teaching/source-collection-war-terror-and-resistance-french-revolution.md,matched,
/node/2171,/africa-speaks-west-african-university-students-write-about-their-lives/,node,2171,reviews/africa-speaks-west-african-university-students-write-about-their-lives.md,matched,
/node/2172,/chinese-posters-propaganda-politics-history-art/,node,2172,reviews/chinese-posters-propaganda-politics-history-art.md,matched,
/node/2173,/source-collection-slavery-and-haitian-revolution/,node,2173,teaching/source-collection-slavery-and-haitian-revolution.md,matched,
/node/2174,/triumph-napoleon-first-consul/,node,2174,sources/triumph-napoleon-first-consul.md,matched,
/node/2175,/six-part-german-caricature-napoleon-now-reduced-manageable-size/,node,2175,sources/six-part-german-caricature-napoleon-now-reduced-manageable-size.md,matched,
/node/2176,/source-collection-napoleonic-experience/,node,2176,teaching/source-collection-napoleonic-experience.md,matched,
/node/2177,/kyoto-national-museum/,node,2177,reviews/kyoto-national-museum.md,matched,
/node/2178,/rivonia-trial-speech/,node,2178,sources/rivonia-trial-speech.md,matched,
/node/2179,/mr-de-lafayette-commander-paris-national-guard-receives-citys-sword-defense-liberty/,node,2179,sources/mr-de-lafayette-commander-paris-national-guard-receives-citys-sword-defense-liberty.md,matched,
/node/218,/vulgarly-called-wanton/,node,218,sources/vulgarly-called-wanton.md,matched,
/node/2181,/source-collection-legacies-revolution/,node,2181,teaching/source-collection-legacies-revolution.md,matched,
/node/2182,/short-teaching-module-maasai-murran-rebellious-youth-20th-c/,node,2182,teaching/short-teaching-module-maasai-murran-rebellious-youth-20th-c.md,matched,
/node/2185,/short-teaching-module-womens-travel-writing/,node,2185,teaching/short-teaching-module-womens-travel-writing.md,matched,
/node/2186,/code-hammurabi/,node,2186,sources/code-hammurabi.md,matched,
/node/2187,/short-teaching-module-hammurabis-code/,node,2187,teaching/short-teaching-module-hammurabis-code.md,matched,
/node/2188,/international-childrens-digital-library/,node,2188,reviews/international-childrens-digital-library.md,matched,
/node/2189,/bund-deutscher-maedel/,node,2189,reviews/bund-deutscher-maedel.md,matched,
/node/219,/analyzing-paintings-and-prints/,node,219,methods/analyzing-paintings-and-prints.md,matched,
/node/2190,/united-nations-childrens-fund-unicef/,node,2190,reviews/united-nations-childrens-fund-unicef.md,matched,
/node/2199,/source-collection-songs-revolution/,node,2199,teaching/source-collection-songs-revolution.md,matched,
/node/220,/de-tente-en-el-aire-y-mulata-albarrasado/,node,220,sources/de-tente-en-el-aire-y-mulata-albarrasado.md,matched,
/node/2200,/long-teaching-module-collapse-yugoslavia/,node,2200,teaching/long-teaching-module-collapse-yugoslavia.md,matched,
/node/2203,/hobo-dyer-projection-worldmap/,node,2203,sources/hobo-dyer-projection-worldmap.md,matched,
/node/2207,/nova-totius-terrarum-orbis-geographica-ac-hydrographica-tabula/,node,2207,sources/nova-totius-terrarum-orbis-geographica-ac-hydrographica-tabula.md,matched,
/node/2209,/trust-territory-photo-archives/,node,2209,reviews/trust-territory-photo-archives.md,matched,
/node/221,/analyzing-inquisition-documents/,node,221,methods/analyzing-inquisition-documents.md,matched,
/node/2210,/perseus-digital-library/,node,2210,reviews/perseus-digital-library.md,matched,
/node/2211,/story-africa/,node,2211,reviews/story-africa.md,matched,
/node/2212,/vaulted-treasures-historical-medical-books-claude-moore-health-sciences-library/,node,2212,reviews/vaulted-treasures-historical-medical-books-claude-moore-health-sciences-library.md,matched,
/node/2214,/history-science-latin-america-and-caribbean/,node,2214,reviews/history-science-latin-america-and-caribbean.md,matched,
/node/2215,/excerpt-voyage-surat-year-1689/,node,2215,sources/excerpt-voyage-surat-year-1689.md,matched,
/node/2219,/indian-ocean-history/,node,2219,reviews/indian-ocean-history.md,matched,
/node/2222,/japanese-nanbanjin-folding-screen/,node,2222,sources/japanese-nanbanjin-folding-screen.md,matched,
/node/2223,/anstis-crew-mock-trial/,node,2223,sources/anstis-crew-mock-trial.md,matched,
/node/2225,/execution-pirate-wapping-london/,node,2225,sources/execution-pirate-wapping-london.md,matched,
/node/2227,/liberty-equality-fraternity/,node,2227,reviews/liberty-equality-fraternity.md,matched,
/node/223,/fundraising-palestinian-families-jerusalem/,node,223,sources/fundraising-palestinian-families-jerusalem.md,matched,
/node/2230,/topkapi-museum/,node,2230,reviews/topkapi-museum.md,matched,
/node/2231,/australian-studies-resources/,node,2231,reviews/australian-studies-resources.md,matched,
/node/2232,/australian-periodical-publications-project-1840-1845/,node,2232,reviews/australian-periodical-publications-project-1840-1845.md,matched,
/node/2233,/laura-jernegan-girl-whale-ship/,node,2233,reviews/laura-jernegan-girl-whale-ship.md,matched,
/node/2234,/american-centuries/,node,2234,reviews/american-centuries.md,matched,
/node/2235,/19th-century-schoolbooks/,node,2235,reviews/19th-century-schoolbooks.md,matched,
/node/2236,/birds-eye-view-new-orleans/,node,2236,sources/birds-eye-view-new-orleans.md,matched,
/node/224,/interview-saida-jarallah/,node,224,sources/interview-saida-jarallah.md,matched,
/node/2243,/home-economics-archive-research-tradition-and-history-hearth/,node,2243,reviews/home-economics-archive-research-tradition-and-history-hearth.md,matched,
/node/2244,/adoption-history-project/,node,2244,reviews/adoption-history-project.md,matched,
/node/2245,/childrens-drawings-spanish-civil-war/,node,2245,reviews/childrens-drawings-spanish-civil-war.md,matched,
/node/2246,/japanese-incarceration-camps-sites/,node,2246,reviews/japanese-incarceration-camps-sites.md,matched,
/node/2247,/hidden-lives-revealed-virtual-archive/,node,2247,reviews/hidden-lives-revealed-virtual-archive.md,matched,
/node/2248,/cartoons/,node,2248,reviews/cartoons.md,matched,
/node/2249,/illustrated-london-news/,node,2249,reviews/illustrated-london-news.md,matched,
/node/225,/analyzing-oral-histories/,node,225,methods/analyzing-oral-histories.md,matched,
/node/2257,/william-livingstone-house/,node,2257,sources/william-livingstone-house.md,matched,
/node/2265,/childhood-and-evacuation/,node,2265,reviews/childhood-and-evacuation.md,matched,
/node/2266,/museum-city-new-york-byron-collection/,node,2266,reviews/museum-city-new-york-byron-collection.md,matched,
/node/2267,/abdul-hamid-ii-collection-photography-archive/,node,2267,reviews/abdul-hamid-ii-collection-photography-archive.md,matched,
/node/2268,/australian-war-memorial/,node,2268,reviews/australian-war-memorial.md,matched,
/node/2269,/japanese-text-initiative/,node,2269,reviews/japanese-text-initiative.md,matched,
/node/227,/excerpt-le-fresne/,node,227,sources/excerpt-le-fresne.md,matched,
/node/2270,/japanese-old-photographs-bakumatsu-meiji-period/,node,2270,reviews/japanese-old-photographs-bakumatsu-meiji-period.md,matched,
/node/2271,/international-dunhuang-project/,node,2271,reviews/international-dunhuang-project.md,matched,
/node/2272,/biblioteca-ambrosiana/,node,2272,reviews/biblioteca-ambrosiana.md,matched,
/node/2273,/medieval-illuminated-manuscripts/,node,2273,reviews/medieval-illuminated-manuscripts.md,matched,
/node/2274,/wetmore-print-collection/,node,2274,reviews/wetmore-print-collection.md,matched,
/node/2275,/map-section-image-database/,node,2275,reviews/map-section-image-database.md,matched,
/node/2276,/burke-and-wills-terra-incognita/,node,2276,reviews/burke-and-wills-terra-incognita.md,matched,
/node/2277,/palmer-family/,node,2277,sources/palmer-family.md,matched,
/node/2278,/pieter-cnoll-batavian-senior-merchant/,node,2278,sources/pieter-cnoll-batavian-senior-merchant.md,matched,
/node/2279,/akbar-ii-darbar-british-resident-charles-metcalfe/,node,2279,sources/akbar-ii-darbar-british-resident-charles-metcalfe.md,matched,
/node/228,/analyzing-literary-sources/,node,228,methods/analyzing-literary-sources.md,matched,
/node/2280,/village-jeewah-moocuddum-near-rania/,node,2280,sources/village-jeewah-moocuddum-near-rania.md,matched,
/node/2281,/map-batavia-chatelain/,node,2281,sources/map-batavia-chatelain.md,matched,
/node/2282,/map-malacca-chatelain/,node,2282,sources/map-malacca-chatelain.md,matched,
/node/2283,/africa-online-digital-library/,node,2283,reviews/africa-online-digital-library.md,matched,
/node/2284,/g-i-jones-photographic-archive-southeastern-nigerian-art-and-culture/,node,2284,reviews/g-i-jones-photographic-archive-southeastern-nigerian-art-and-culture.md,matched,
/node/2285,/excerpts-slave-narratives/,node,2285,reviews/excerpts-slave-narratives.md,matched,
/node/2286,/george-percival-scriven-american-bohol-philippines-1899-1901/,node,2286,reviews/george-percival-scriven-american-bohol-philippines-1899-1901.md,matched,
/node/2287,/amiens-cathedral/,node,2287,reviews/amiens-cathedral.md,matched,
/node/2288,/east-asian-collection/,node,2288,reviews/east-asian-collection.md,matched,
/node/2289,/around-world-1890s-photographs-worlds-transportation-commission-1894-1896/,node,2289,reviews/around-world-1890s-photographs-worlds-transportation-commission-1894-1896.md,matched,
/node/2290,/digital-south-asia-library/,node,2290,reviews/digital-south-asia-library.md,matched,
/node/2291,/taiwan-documents-project/,node,2291,reviews/taiwan-documents-project.md,matched,
/node/2292,/dream-anatomy/,node,2292,reviews/dream-anatomy.md,matched,
/node/2293,/mameluke-basket-flowers-1641/,node,2293,sources/mameluke-basket-flowers-1641.md,matched,
/node/2295,/my-harvest-home/,node,2295,sources/my-harvest-home.md,matched,
/node/2296,/native-going-fish-torch-and-flambeaux/,node,2296,sources/native-going-fish-torch-and-flambeaux.md,matched,
/node/23,/soviet-policy-towards-west-gorbachev-challenge/,node,23,sources/soviet-policy-towards-west-gorbachev-challenge.md,matched,
/node/230,/women-bohemia/,node,230,sources/women-bohemia.md,matched,
/node/2303,/cholera-transmission/,node,2303,sources/cholera-transmission.md,matched,
/node/2304,/girl-who-died-cholera/,node,2304,sources/girl-who-died-cholera.md,matched,
/node/231,/analyzing-census-data/,node,231,methods/analyzing-census-data.md,matched,
/node/2313,/jahangir-preferring-sufi-shaikh-kings/,node,2313,sources/jahangir-preferring-sufi-shaikh-kings.md,matched,
/node/2315,/dutch-east-india-company-embassy-india/,node,2315,sources/dutch-east-india-company-embassy-india.md,matched,
/node/2316,/reception-envoys-kandy-colombo/,node,2316,sources/reception-envoys-kandy-colombo.md,matched,
/node/2318,/dutch-ambassador-his-way-isfahan/,node,2318,sources/dutch-ambassador-his-way-isfahan.md,matched,
/node/2319,/hiroshima-peace-memorial-museum/,node,2319,reviews/hiroshima-peace-memorial-museum.md,matched,
/node/232,/apollo-11-moonwalk/,node,232,sources/apollo-11-moonwalk.md,matched,
/node/2320,/hedda-morrison-photographs-china-1933-1946/,node,2320,reviews/hedda-morrison-photographs-china-1933-1946.md,matched,
/node/2321,/southeast-asia-visions-collection/,node,2321,reviews/southeast-asia-visions-collection.md,matched,
/node/2322,/red-color-news-soldier-li-zhensheng-chinese-photographers-odyssey-through-cultural-revolution/,node,2322,reviews/red-color-news-soldier-li-zhensheng-chinese-photographers-odyssey-through-cultural-revolution.md,matched,
/node/2323,/afro-louisiana-history-and-genealogy-1718-1820/,node,2323,reviews/afro-louisiana-history-and-genealogy-1718-1820.md,matched,
/node/2324,/letters-philip-ii-king-spain-1592-1597/,node,2324,reviews/letters-philip-ii-king-spain-1592-1597.md,matched,
/node/2325,/creating-french-culture-treasures-bibliotheque-nationale-de-france/,node,2325,reviews/creating-french-culture-treasures-bibliotheque-nationale-de-france.md,matched,
/node/2326,/slaves-and-courts-1740-1860/,node,2326,reviews/slaves-and-courts-1740-1860.md,matched,
/node/2327,/hanover-historical-texts-project/,node,2327,reviews/hanover-historical-texts-project.md,matched,
/node/2328,/galileos-notes-motion/,node,2328,reviews/galileos-notes-motion.md,matched,
/node/2329,/united-states-and-brazil-expanding-frontiers-comparing-cultures/,node,2329,reviews/united-states-and-brazil-expanding-frontiers-comparing-cultures.md,matched,
/node/233,/egyptian-mummy-coffin/,node,233,sources/egyptian-mummy-coffin.md,matched,
/node/2330,/castro-speech-database/,node,2330,reviews/castro-speech-database.md,matched,
/node/2331,/mohenjo-daro/,node,2331,reviews/mohenjo-daro.md,matched,
/node/2332,/southeast-asian-images-and-texts/,node,2332,reviews/southeast-asian-images-and-texts.md,matched,
/node/2333,/art-asia/,node,2333,reviews/art-asia.md,matched,
/node/2334,/afriterra-cartographic-free-library/,node,2334,reviews/afriterra-cartographic-free-library.md,matched,
/node/2335,/formosa/,node,2335,reviews/formosa.md,matched,
/node/2336,/parallel-histories-spain-united-states-and-american-frontier/,node,2336,reviews/parallel-histories-spain-united-states-and-american-frontier.md,matched,
/node/2337,/papers-sir-joseph-banks/,node,2337,reviews/papers-sir-joseph-banks.md,matched,
/node/2338,/national-museum-african-art/,node,2338,reviews/national-museum-african-art.md,matched,
/node/2339,/galileo-project/,node,2339,reviews/galileo-project.md,matched,
/node/234,/barada-panel-great-mosque-damascus/,node,234,sources/barada-panel-great-mosque-damascus.md,matched,
/node/2340,/british-history-online/,node,2340,reviews/british-history-online.md,matched,
/node/2341,/united-states-holocaust-memorial-museum/,node,2341,reviews/united-states-holocaust-memorial-museum.md,matched,
/node/2342,/virtual-shanghai-shanghai-urban-space-time/,node,2342,reviews/virtual-shanghai-shanghai-urban-space-time.md,matched,
/node/2343,/puerto-rico-dawn-modern-age/,node,2343,reviews/puerto-rico-dawn-modern-age.md,matched,
/node/2348,/hindu-princess-committing-sati-against-wishes-emperor-akbar/,node,2348,sources/hindu-princess-committing-sati-against-wishes-emperor-akbar.md,matched,
/node/2349,/analyzing-primary-sources-history-children-youth/,node,2349,methods/analyzing-primary-sources-history-children-youth.md,matched,
/node/235,/map-ichan-qala/,node,235,sources/map-ichan-qala.md,matched,
/node/2353,/constitute-worlds-constitutions-read-search-and-compare/,node,2353,reviews/constitute-worlds-constitutions-read-search-and-compare.md,matched,
/node/2354,/slave-voyages/,node,2354,reviews/slave-voyages.md,matched,
/node/2355,/world-digital-library/,node,2355,reviews/world-digital-library.md,matched,
/node/2356,/early-caribbean-digital-archive/,node,2356,reviews/early-caribbean-digital-archive.md,matched,
/node/2357,/primer-commodities/,node,2357,methods/primer-commodities.md,matched,
/node/2358,/primer-migration-and-diaspora-world-history/,node,2358,methods/primer-migration-and-diaspora-world-history.md,matched,
/node/2359,/primer-global-microhistory/,node,2359,methods/primer-global-microhistory.md,matched,
/node/236,/colonial-childhoods-oral-history-project/,node,236,sources/colonial-childhoods-oral-history-project.md,matched,
/node/2360,/primer-tasting-and-hearing-past/,node,2360,methods/primer-tasting-and-hearing-past.md,matched,
/node/2361,/primer-defining-world-history/,node,2361,methods/primer-defining-world-history.md,matched,
/node/2362,/primer-transnational-history/,node,2362,methods/primer-transnational-history.md,matched,
/node/2363,/edsitement/,node,2363,reviews/edsitement.md,matched,
/node/2364,/excavation-catalhoyuk-turkey/,node,2364,sources/excavation-catalhoyuk-turkey.md,matched,
/node/2365,/bone-comb/,node,2365,sources/bone-comb.md,matched,
/node/2366,/gold-solidus-justinian-i-527-65/,node,2366,sources/gold-solidus-justinian-i-527-65.md,matched,
/node/2367,/temple-vespasian-altar/,node,2367,sources/temple-vespasian-altar.md,matched,
/node/2368,/gold-dinar-depicting-caliph-abd-al-malik/,node,2368,sources/gold-dinar-depicting-caliph-abd-al-malik.md,matched,
/node/2369,/gold-dinar-abd-al-malik-minted-damascus-69798/,node,2369,sources/gold-dinar-abd-al-malik-minted-damascus-69798.md,matched,
/node/237,/guadeloupean-household-workers-ellis-island/,node,237,sources/guadeloupean-household-workers-ellis-island.md,matched,
/node/2370,/analyzing-material-objects/,node,2370,methods/analyzing-material-objects.md,matched,
/node/2371,/vietnam-war-1945-1975/,node,2371,reviews/vietnam-war-1945-1975.md,matched,
/node/2372,/long-teaching-module-women-and-empire/,node,2372,teaching/long-teaching-module-women-and-empire.md,matched,
/node/2373,/global-architectural-history-teaching-collaborative/,node,2373,reviews/global-architectural-history-teaching-collaborative.md,matched,
/node/2374,/primer-imperialism/,node,2374,methods/primer-imperialism.md,matched,
/node/2375,/patient-no-more/,node,2375,reviews/patient-no-more.md,matched,
/node/2377,/liberated-africans/,node,2377,reviews/liberated-africans.md,matched,
/node/2378,/freedom-narratives/,node,2378,reviews/freedom-narratives.md,matched,
/node/2379,/syllabus-women-and-gender-world-history-600-2000/,node,2379,teaching/syllabus-women-and-gender-world-history-600-2000.md,matched,
/node/238,/manifest-record-ss-atenas/,node,238,sources/manifest-record-ss-atenas.md,matched,
/node/2380,/padrao/,node,2380,sources/padrao.md,matched,
/node/2382,/excerpt-letter-nzinga-mbemba-portuguese-king-joao-iii/,node,2382,sources/excerpt-letter-nzinga-mbemba-portuguese-king-joao-iii.md,matched,
/node/2383,/crucifix-nkangi-kiditu/,node,2383,sources/crucifix-nkangi-kiditu.md,matched,
/node/2384,/short-teaching-module-christianity-and-slavery-kingdom-kongo-1480s-1520s/,node,2384,teaching/short-teaching-module-christianity-and-slavery-kingdom-kongo-1480s-1520s.md,matched,
/node/2385,/latin-american-caribbean-digital-primary-resources/,node,2385,reviews/latin-american-caribbean-digital-primary-resources.md,matched,
/node/2386,/long-teaching-module-trade-and-religion-indian-ocean-network-1100-1500/,node,2386,teaching/long-teaching-module-trade-and-religion-indian-ocean-network-1100-1500.md,matched,
/node/2387,/excerpt-ibn-battutas-travels-asia-and-africa-1325-1354/,node,2387,sources/excerpt-ibn-battutas-travels-asia-and-africa-1325-1354.md,matched,
/node/2388,/excerpt-memoirs-ma-huan/,node,2388,sources/excerpt-memoirs-ma-huan.md,matched,
/node/2389,/navigational-charts-based-those-used-zheng-he/,node,2389,sources/navigational-charts-based-those-used-zheng-he.md,matched,
/node/239,/analyzing-manifest-records/,node,239,methods/analyzing-manifest-records.md,matched,
/node/2390,/kilwa-map-illustration/,node,2390,sources/kilwa-map-illustration.md,matched,
/node/2391,/half-male-half-female-form-shiva-shiva-ardhanarishvara/,node,2391,sources/half-male-half-female-form-shiva-shiva-ardhanarishvara.md,matched,
/node/2392,/buddha-sheltered-naga/,node,2392,sources/buddha-sheltered-naga.md,matched,
/node/2394,/iceland-saga-map/,node,2394,reviews/iceland-saga-map.md,matched,
/node/2395,/chinese-whispers/,node,2395,reviews/chinese-whispers.md,matched,
/node/2396,/digital-archive-international-history-declassified/,node,2396,reviews/digital-archive-international-history-declassified.md,matched,
/node/2397,/storymapjs-maps-tell-stories/,node,2397,reviews/storymapjs-maps-tell-stories.md,matched,
/node/2398,/photo-library-french-school-asian-studies/,node,2398,reviews/photo-library-french-school-asian-studies.md,matched,
/node/2399,/japanese-illustrated-books-edo-and-meiji-periods/,node,2399,reviews/japanese-illustrated-books-edo-and-meiji-periods.md,matched,
/node/24,/cinderella-1914/,node,24,sources/cinderella-1914.md,matched,
/node/240,/commission-hearing-excerpt/,node,240,sources/commission-hearing-excerpt.md,matched,
/node/2400,/excerpt-aguinaldos-case-against-united-states/,node,2400,sources/excerpt-aguinaldos-case-against-united-states.md,matched,
/node/2401,/chinese-railroad-workers-north-america-project/,node,2401,reviews/chinese-railroad-workers-north-america-project.md,matched,
/node/2402,/res-obscura/,node,2402,reviews/res-obscura.md,matched,
/node/2403,/africae-tabula-noua/,node,2403,sources/africae-tabula-noua.md,matched,
/node/2404,/song-dynasty-china/,node,2404,reviews/song-dynasty-china.md,matched,
/node/2405,/ptolemys-world-map-0/,node,2405,sources/ptolemys-world-map-0.md,matched,
/node/2406,/map-poverty-mexico/,node,2406,sources/map-poverty-mexico.md,matched,
/node/2407,/plan-city-moscow/,node,2407,sources/plan-city-moscow.md,matched,
/node/2408,/japanese-american-internment-camp-newspapers/,node,2408,reviews/japanese-american-internment-camp-newspapers.md,matched,
/node/2409,/lines-struggle-letters-president-lula/,node,2409,reviews/lines-struggle-letters-president-lula.md,matched,
/node/241,/market-southeastern-nigeria/,node,241,sources/market-southeastern-nigeria.md,matched,
/node/2410,/marshall-islands-stick-charts/,node,2410,sources/marshall-islands-stick-charts.md,matched,
/node/2411,/turin-beatus-map-world/,node,2411,sources/turin-beatus-map-world.md,matched,
/node/2412,/babylonian-map-tablet/,node,2412,sources/babylonian-map-tablet.md,matched,
/node/2413,/palestinian-oral-history-map/,node,2413,reviews/palestinian-oral-history-map.md,matched,
/node/2414,/mediateca-inah/,node,2414,reviews/mediateca-inah.md,matched,
/node/2415,/heilbrunn-timeline-art-history/,node,2415,reviews/heilbrunn-timeline-art-history.md,matched,
/node/2416,/betty-h-carter-women-veterans-historical-project/,node,2416,reviews/betty-h-carter-women-veterans-historical-project.md,matched,
/node/2417,/jingban-tianwen-quantu-map-world/,node,2417,sources/jingban-tianwen-quantu-map-world.md,matched,
/node/2418,/mercator-projection-0/,node,2418,sources/mercator-projection-0.md,matched,
/node/2419,/gall-peters-projection/,node,2419,sources/gall-peters-projection.md,matched,
/node/242,/analyzing-commission-records/,node,242,methods/analyzing-commission-records.md,matched,
/node/2420,/tasveer-ghar-house-pictures/,node,2420,reviews/tasveer-ghar-house-pictures.md,matched,
/node/2421,/map-union-pacific-railway/,node,2421,sources/map-union-pacific-railway.md,matched,
/node/2422,/map-partition-israel-and-palestine/,node,2422,sources/map-partition-israel-and-palestine.md,matched,
/node/2423,/history-world-100-objects/,node,2423,reviews/history-world-100-objects.md,matched,
/node/2424,/analyzing-maps-0/,node,2424,methods/analyzing-maps-0.md,matched,
/node/2425,/teaching-east-asia-online-curriculum-projects/,node,2425,reviews/teaching-east-asia-online-curriculum-projects.md,matched,
/node/2426,/livingstone-online/,node,2426,reviews/livingstone-online.md,matched,
/node/2427,/national-museum-china/,node,2427,reviews/national-museum-china.md,matched,
/node/2428,/timelinejs-easy-make-beautiful-timelines/,node,2428,reviews/timelinejs-easy-make-beautiful-timelines.md,matched,
/node/2429,/mapwarper/,node,2429,reviews/mapwarper.md,matched,
/node/243,/drawing-digging-stick-and-stone-weights/,node,243,sources/drawing-digging-stick-and-stone-weights.md,matched,
/node/2430,/soundcite-seamless-inline-audio/,node,2430,reviews/soundcite-seamless-inline-audio.md,matched,
/node/2431,/juxtapose-easy-make-frame-comparisons/,node,2431,reviews/juxtapose-easy-make-frame-comparisons.md,matched,
/node/2432,/hypothesis/,node,2432,reviews/hypothesis.md,matched,
/node/2433,/africa-past-present-podcast/,node,2433,reviews/africa-past-present-podcast.md,matched,
/node/2434,/world-history-encyclopedia/,node,2434,reviews/world-history-encyclopedia.md,matched,
/node/2435,/babylonia-collection-yale/,node,2435,reviews/babylonia-collection-yale.md,matched,
/node/2436,/crash-course-world-history/,node,2436,reviews/crash-course-world-history.md,matched,
/node/2437,/studs-terkel-radio-archive/,node,2437,reviews/studs-terkel-radio-archive.md,matched,
/node/2438,/source-collection-diversity-and-change-greco-roman-religious-beliefs/,node,2438,teaching/source-collection-diversity-and-change-greco-roman-religious-beliefs.md,matched,
/node/2439,/homers-iliad/,node,2439,sources/homers-iliad.md,matched,
/node/244,/susanna-and-elders/,node,244,sources/susanna-and-elders.md,matched,
/node/2440,/sophocles-oedipus-king/,node,2440,sources/sophocles-oedipus-king.md,matched,
/node/2441,/seneca-younger-moral-letters-lucilius/,node,2441,sources/seneca-younger-moral-letters-lucilius.md,matched,
/node/2442,/aristotles-metaphysics/,node,2442,sources/aristotles-metaphysics.md,matched,
/node/2443,/short-teaching-module-cleopatra-gender-beauty-and-power-egypt-and-rome/,node,2443,teaching/short-teaching-module-cleopatra-gender-beauty-and-power-egypt-and-rome.md,matched,
/node/2444,/advice-bride-and-groom-versus-14-and-18/,node,2444,sources/advice-bride-and-groom-versus-14-and-18.md,matched,
/node/2445,/cleopatras-meeting-caesar/,node,2445,sources/cleopatras-meeting-caesar.md,matched,
/node/2446,/antonys-meeting-cleopatra-life-antony/,node,2446,sources/antonys-meeting-cleopatra-life-antony.md,matched,
/node/2447,/horace-cleopatra-ode/,node,2447,sources/horace-cleopatra-ode.md,matched,
/node/2449,/hernan-cortes-second-letter-emperor-charles-v-1520/,node,2449,sources/hernan-cortes-second-letter-emperor-charles-v-1520.md,matched,
/node/245,/sati-engraving-gentoo-woman-burning-herself/,node,245,sources/sati-engraving-gentoo-woman-burning-herself.md,matched,
/node/2450,/mesoamerican-pictogram/,node,2450,sources/mesoamerican-pictogram.md,matched,
/node/2451,/pedro-de-cieza-de-leon-chronicles-incas-1540/,node,2451,sources/pedro-de-cieza-de-leon-chronicles-incas-1540.md,matched,
/node/2453,/constitution-iroquois-nations/,node,2453,sources/constitution-iroquois-nations.md,matched,
/node/2459,/x-ray-cross-section-coral-core/,node,2459,sources/x-ray-cross-section-coral-core.md,matched,
/node/246,/sati-handprints/,node,246,sources/sati-handprints.md,matched,
/node/2460,/tree-rings-climate-archive/,node,2460,sources/tree-rings-climate-archive.md,matched,
/node/2461,/primer-environmental-history/,node,2461,methods/primer-environmental-history.md,matched,
/node/2463,/age-revolutions/,node,2463,reviews/age-revolutions.md,matched,
/node/2464,/digital-archive-latin-american-and-caribbean-ephemera/,node,2464,reviews/digital-archive-latin-american-and-caribbean-ephemera.md,matched,
/node/2465,/digital-collections-penn-museum/,node,2465,reviews/digital-collections-penn-museum.md,matched,
/node/2466,/louvre-museum-official-website/,node,2466,reviews/louvre-museum-official-website.md,matched,
/node/2467,/newberry-library-french-pamphlet-collection/,node,2467,reviews/newberry-library-french-pamphlet-collection.md,matched,
/node/2468,/global-studies-penn-state/,node,2468,reviews/global-studies-penn-state.md,matched,
/node/2469,/historias-spanish-history-podcast/,node,2469,reviews/historias-spanish-history-podcast.md,matched,
/node/247,/painting-imelda-marcos-philippine-first-lady/,node,247,sources/painting-imelda-marcos-philippine-first-lady.md,matched,
/node/2470,/ottoman-history-podcast/,node,2470,reviews/ottoman-history-podcast.md,matched,
/node/2471,/historiana/,node,2471,reviews/historiana.md,matched,
/node/2472,/primary-source-educating-global-citizens/,node,2472,reviews/primary-source-educating-global-citizens.md,matched,
/node/2473,/documenting-american-south/,node,2473,reviews/documenting-american-south.md,matched,
/node/2474,/silent-film-sheet-music/,node,2474,sources/silent-film-sheet-music.md,matched,
/node/2475,/wagners-ride-valkyrie/,node,2475,sources/wagners-ride-valkyrie.md,matched,
/node/2476,/griots-west-africa/,node,2476,sources/griots-west-africa.md,matched,
/node/2477,/javanese-shadow-puppets/,node,2477,sources/javanese-shadow-puppets.md,matched,
/node/2478,/huun-huur-tu-throat-singers/,node,2478,sources/huun-huur-tu-throat-singers.md,matched,
/node/2479,/shiva-lord-dance/,node,2479,sources/shiva-lord-dance.md,matched,
/node/248,/photograph-aung-san-suu-kyi-burmese-activist/,node,248,sources/photograph-aung-san-suu-kyi-burmese-activist.md,matched,
/node/2480,/javanese-gamelan/,node,2480,sources/javanese-gamelan.md,matched,
/node/2481,/neolithic-bone-flutes/,node,2481,sources/neolithic-bone-flutes.md,matched,
/node/2482,/bbc-ancient-egypt/,node,2482,reviews/bbc-ancient-egypt.md,matched,
/node/2483,/imagenes-y-relatos-de-un-viaje-por-colombia/,node,2483,reviews/imagenes-y-relatos-de-un-viaje-por-colombia.md,matched,
/node/2484,/visualizing-cultures/,node,2484,reviews/visualizing-cultures.md,matched,
/node/2485,/gulag-online-museum/,node,2485,reviews/gulag-online-museum.md,matched,
/node/2486,/bbc-ancient-greece/,node,2486,reviews/bbc-ancient-greece.md,matched,
/node/2489,/logan-museum-anthropology/,node,2489,reviews/logan-museum-anthropology.md,matched,
/node/249,/children-edward-holden-cruttenden/,node,249,sources/children-edward-holden-cruttenden.md,matched,
/node/2490,/beyond-bubble/,node,2490,reviews/beyond-bubble.md,matched,
/node/2491,/slave-societies-digital-archive/,node,2491,reviews/slave-societies-digital-archive.md,matched,
/node/2492,/global-medieval-sourcebook/,node,2492,reviews/global-medieval-sourcebook.md,matched,
/node/2493,/canadiana/,node,2493,reviews/canadiana.md,matched,
/node/2494,/whats-menu/,node,2494,reviews/whats-menu.md,matched,
/node/2495,/digital-innovation-south-africa/,node,2495,reviews/digital-innovation-south-africa.md,matched,
/node/2496,/project-vox/,node,2496,reviews/project-vox.md,matched,
/node/2497,/new-york-public-librarys-digital-collection/,node,2497,reviews/new-york-public-librarys-digital-collection.md,matched,
/node/2498,/people-history-online-guide-lesbian-gay-bisexual-and-trans-history/,node,2498,reviews/people-history-online-guide-lesbian-gay-bisexual-and-trans-history.md,matched,
/node/2499,/philippine-photographs-digital-archive/,node,2499,reviews/philippine-photographs-digital-archive.md,matched,
/node/25,/long-teaching-module-western-views-chinese-women/,node,25,teaching/long-teaching-module-western-views-chinese-women.md,matched,
/node/250,/scotland-forever/,node,250,sources/scotland-forever.md,matched,
/node/2500,/indochina-war/,node,2500,reviews/indochina-war.md,matched,
/node/2501,/digitally-encoded-census-information-and-mapping-archive/,node,2501,reviews/digitally-encoded-census-information-and-mapping-archive.md,matched,
/node/2502,/archivo-historico-de-revistas-argentinas/,node,2502,reviews/archivo-historico-de-revistas-argentinas.md,matched,
/node/2503,/big-history-project/,node,2503,reviews/big-history-project.md,matched,
/node/2504,/world-history-us-all/,node,2504,reviews/world-history-us-all.md,matched,
/node/2505,/brooklyns-panorama-competition/,node,2505,sources/brooklyns-panorama-competition.md,matched,
/node/2506,/australias-vietnam-war/,node,2506,reviews/australias-vietnam-war.md,matched,
/node/2507,/beijing-silvermine/,node,2507,reviews/beijing-silvermine.md,matched,
/node/2508,/lse-digital-library/,node,2508,reviews/lse-digital-library.md,matched,
/node/2509,/coins/,node,2509,reviews/coins.md,matched,
/node/251,/memoriam/,node,251,sources/memoriam.md,matched,
/node/2510,/southeast-asia-ming-shi-lu/,node,2510,reviews/southeast-asia-ming-shi-lu.md,matched,
/node/2511,/islamic-carpets/,node,2511,sources/islamic-carpets.md,matched,
/node/2512,/short-teaching-module-early-modern-islamic-carpets-transcultural-objects/,node,2512,teaching/short-teaching-module-early-modern-islamic-carpets-transcultural-objects.md,matched,
/node/2513,/primer-transcultural-history/,node,2513,methods/primer-transcultural-history.md,matched,
/node/2514,/islamic-carpet-made-safavid-iran/,node,2514,sources/islamic-carpet-made-safavid-iran.md,matched,
/node/2515,/islamic-carpet-made-ottoman-turkey-metropolitan-museum-art/,node,2515,sources/islamic-carpet-made-ottoman-turkey-metropolitan-museum-art.md,matched,
/node/2516,/early-modern-ottoman-carpet-walters-art-museum/,node,2516,sources/early-modern-ottoman-carpet-walters-art-museum.md,matched,
/node/2517,/world-map-henricus-martellus/,node,2517,sources/world-map-henricus-martellus.md,matched,
/node/2518,/cantino-planisphere/,node,2518,sources/cantino-planisphere.md,matched,
/node/2519,/john-bartholomew-literary-and-historical-atlas-america/,node,2519,sources/john-bartholomew-literary-and-historical-atlas-america.md,matched,
/node/252,/dream-malinche/,node,252,sources/dream-malinche.md,matched,
/node/2520,/short-teaching-module-european-maps-early-modern-world/,node,2520,teaching/short-teaching-module-european-maps-early-modern-world.md,matched,
/node/2521,/enslaved-archive/,node,2521,reviews/enslaved-archive.md,matched,
/node/2522,/short-teaching-module-emperor-ashoka-and-buddhism/,node,2522,teaching/short-teaching-module-emperor-ashoka-and-buddhism.md,matched,
/node/2523,/selections-ashoka-rock-and-pillar-edicts/,node,2523,sources/selections-ashoka-rock-and-pillar-edicts.md,matched,
/node/2524,/ashokan-pillar-single-lion-capital-vaishali-india/,node,2524,sources/ashokan-pillar-single-lion-capital-vaishali-india.md,matched,
/node/2525,/excerpt-asokavadana/,node,2525,sources/excerpt-asokavadana.md,matched,
/node/2526,/primer-oceans/,node,2526,methods/primer-oceans.md,matched,
/node/2527,/primer-gender-world-history/,node,2527,methods/primer-gender-world-history.md,matched,
/node/2528,/grid-map-judicial-independence/,node,2528,sources/grid-map-judicial-independence.md,matched,
/node/2529,/history-earth-cycle/,node,2529,sources/history-earth-cycle.md,matched,
/node/253,/malinche-sculpture/,node,253,sources/malinche-sculpture.md,matched,
/node/2530,/salisbury-crags/,node,2530,sources/salisbury-crags.md,matched,
/node/2531,/excerpt-travels-africa/,node,2531,sources/excerpt-travels-africa.md,matched,
/node/2532,/excerpt-letter-lady-mary-wortley/,node,2532,sources/excerpt-letter-lady-mary-wortley.md,matched,
/node/2533,/primer-big-history/,node,2533,methods/primer-big-history.md,matched,
/node/2534,/primer-comparative-history/,node,2534,methods/primer-comparative-history.md,matched,
/node/2535,/analyzing-music-0/,node,2535,methods/analyzing-music-0.md,matched,
/node/2536,/anna-julia-cooper-collection/,node,2536,reviews/anna-julia-cooper-collection.md,matched,
/node/2537,/stonewall-jackson-monument-richmond-virginia-united-states/,node,2537,sources/stonewall-jackson-monument-richmond-virginia-united-states.md,matched,
/node/2538,/stonewall-jackson-monument-removal-richmond-virginia-united-states/,node,2538,sources/stonewall-jackson-monument-removal-richmond-virginia-united-states.md,matched,
/node/2539,/christopher-columbus-monument-buenos-aires-argentina/,node,2539,sources/christopher-columbus-monument-buenos-aires-argentina.md,matched,
/node/254,/beautiful-fatima/,node,254,sources/beautiful-fatima.md,matched,
/node/2540,/christopher-columbus-monument-removal-buenos-aires-argentina/,node,2540,sources/christopher-columbus-monument-removal-buenos-aires-argentina.md,matched,
/node/2541,/cecil-rhodes-monument-cape-town-south-africa/,node,2541,sources/cecil-rhodes-monument-cape-town-south-africa.md,matched,
/node/2542,/cecil-rhodes-monument-removal-cape-town-south-africa/,node,2542,sources/cecil-rhodes-monument-removal-cape-town-south-africa.md,matched,
/node/2543,/short-teaching-module-controversial-historical-monuments/,node,2543,teaching/short-teaching-module-controversial-historical-monuments.md,matched,
/node/2544,/consolation-prize/,node,2544,reviews/consolation-prize.md,matched,
/node/2545,/freedom-move/,node,2545,reviews/freedom-move.md,matched,
/node/2546,/victoria-and-albert-museum/,node,2546,reviews/victoria-and-albert-museum.md,matched,
/node/2547,/digital-library-caribbean/,node,2547,reviews/digital-library-caribbean.md,matched,
/node/2548,/history-medicine-and-medical-humanities/,node,2548,reviews/history-medicine-and-medical-humanities.md,matched,
/node/2549,/america-invertida-inverted-america/,node,2549,sources/america-invertida-inverted-america.md,matched,
/node/255,/photograph-fatima-moroccan/,node,255,sources/photograph-fatima-moroccan.md,matched,
/node/2550,/what-was-done-his-administration-de-administratione-1144-1148/,node,2550,sources/what-was-done-his-administration-de-administratione-1144-1148.md,matched,
/node/2551,/bernard-clairvauxs-apologia/,node,2551,sources/bernard-clairvauxs-apologia.md,matched,
/node/2552,/diverse-arts-de-diversis-artibus/,node,2552,sources/diverse-arts-de-diversis-artibus.md,matched,
/node/2553,/miracles-sainte-foy/,node,2553,sources/miracles-sainte-foy.md,matched,
/node/2554,/pueblo-texupa/,node,2554,sources/pueblo-texupa.md,matched,
/node/2555,/witches/,node,2555,reviews/witches.md,matched,
/node/2556,/fourteenth-century-chinese-dragon/,node,2556,sources/fourteenth-century-chinese-dragon.md,matched,
/node/2557,/ark-wooden-chest-iron-locks/,node,2557,sources/ark-wooden-chest-iron-locks.md,matched,
/node/2558,/cast-hand-brazilian-emperor-pedro-ii/,node,2558,sources/cast-hand-brazilian-emperor-pedro-ii.md,matched,
/node/2559,/cartoon-about-ottoman-empire/,node,2559,sources/cartoon-about-ottoman-empire.md,matched,
/node/256,/bamboo-river-ii-tale-genji-painting-scroll/,node,256,sources/bamboo-river-ii-tale-genji-painting-scroll.md,matched,
/node/2560,/ottoman-decree-regarding-protestants-1850/,node,2560,sources/ottoman-decree-regarding-protestants-1850.md,matched,
/node/2561,/porcelain-tankard-fifteenth-century-china/,node,2561,sources/porcelain-tankard-fifteenth-century-china.md,matched,
/node/2562,/indian-textile-fragment-14th-15th-century/,node,2562,sources/indian-textile-fragment-14th-15th-century.md,matched,
/node/2563,/legislative-palace-uruguay/,node,2563,sources/legislative-palace-uruguay.md,matched,
/node/2564,/mausoleum-jose-de-san-martin/,node,2564,sources/mausoleum-jose-de-san-martin.md,matched,
/node/2565,/portrait-manuel-mansilla/,node,2565,sources/portrait-manuel-mansilla.md,matched,
/node/2566,/remains-christopher-colombus/,node,2566,sources/remains-christopher-colombus.md,matched,
/node/2567,/poem-qiu-jin-chinese-feminist/,node,2567,sources/poem-qiu-jin-chinese-feminist.md,matched,
/node/2568,/ottoman-reform-decree-1856/,node,2568,sources/ottoman-reform-decree-1856.md,matched,
/node/2569,/remains-puerta-de-la-ciudadela/,node,2569,sources/remains-puerta-de-la-ciudadela.md,matched,
/node/257,/third-incident-14-july-1789/,node,257,sources/third-incident-14-july-1789.md,matched,
/node/2570,/obelisk-buenos-aires/,node,2570,sources/obelisk-buenos-aires.md,matched,
/node/2571,/tomb-general-juan-lavalle/,node,2571,sources/tomb-general-juan-lavalle.md,matched,
/node/2572,/wooden-triptych/,node,2572,sources/wooden-triptych.md,matched,
/node/2573,/mexico-cartoon-1846/,node,2573,sources/mexico-cartoon-1846.md,matched,
/node/2574,/federal-constitution-united-mexican-states-1857/,node,2574,sources/federal-constitution-united-mexican-states-1857.md,matched,
/node/2575,/new-york-times-editorial-mexico-november-21-1855/,node,2575,sources/new-york-times-editorial-mexico-november-21-1855.md,matched,
/node/2576,/short-teaching-module-sick-men-mid-nineteenth-century-international-relations/,node,2576,teaching/short-teaching-module-sick-men-mid-nineteenth-century-international-relations.md,matched,
/node/2577,/mapping-republic-letters/,node,2577,reviews/mapping-republic-letters.md,matched,
/node/2579,/portrait-general-artigas/,node,2579,sources/portrait-general-artigas.md,matched,
/node/258,/taking-bastille-0/,node,258,sources/taking-bastille-0.md,matched,
/node/2580,/ruins-convento-de-san-francisco/,node,2580,sources/ruins-convento-de-san-francisco.md,matched,
/node/2581,/castillo-de-piria/,node,2581,sources/castillo-de-piria.md,matched,
/node/2582,/washington-post-announces-eisenhowers-reelection/,node,2582,sources/washington-post-announces-eisenhowers-reelection.md,matched,
/node/2583,/iglesia-colonial-de-conchagua/,node,2583,sources/iglesia-colonial-de-conchagua.md,matched,
/node/2584,/museo-regional-de-oriente/,node,2584,sources/museo-regional-de-oriente.md,matched,
/node/2585,/eighteenth-century-uruguayan-home/,node,2585,sources/eighteenth-century-uruguayan-home.md,matched,
/node/2586,/porton-de-campo/,node,2586,sources/porton-de-campo.md,matched,
/node/2587,/33-orientales/,node,2587,sources/33-orientales.md,matched,
/node/2588,/death-mask-pancho-villa/,node,2588,sources/death-mask-pancho-villa.md,matched,
/node/2589,/first-sounds-hymn-independence/,node,2589,sources/first-sounds-hymn-independence.md,matched,
/node/259,/taking-bastille-1/,node,259,sources/taking-bastille-1.md,matched,
/node/2590,/parque-lage/,node,2590,sources/parque-lage.md,matched,
/node/2591,/brazilian-carriage/,node,2591,sources/brazilian-carriage.md,matched,
/node/2592,/juan-de-betanzos-narrative-incas/,node,2592,sources/juan-de-betanzos-narrative-incas.md,matched,
/node/2593,/inca-khipu/,node,2593,sources/inca-khipu.md,matched,
/node/2594,/report-general-inspection-chupaychu/,node,2594,sources/report-general-inspection-chupaychu.md,matched,
/node/2595,/pedro-de-cieza-de-leon-cronicas/,node,2595,sources/pedro-de-cieza-de-leon-cronicas.md,matched,
/node/2596,/extract-garcilaso-de-la-vega-royal-commentaries-incas-and-general-history-peru-1/,node,2596,sources/extract-garcilaso-de-la-vega-royal-commentaries-incas-and-general-history-peru-1.md,matched,
/node/2597,/extract-garcilaso-de-la-vega-royal-commentaries-incas-and-general-history-peru/,node,2597,sources/extract-garcilaso-de-la-vega-royal-commentaries-incas-and-general-history-peru.md,matched,
/node/2598,/extract-garcilaso-de-la-vega-royal-commentaries-incas-and-general-history-peru-0/,node,2598,sources/extract-garcilaso-de-la-vega-royal-commentaries-incas-and-general-history-peru-0.md,matched,
/node/2599,/illustrations-guaman-poma-el-primer-nueva-coranica-y-buen-gobierno/,node,2599,sources/illustrations-guaman-poma-el-primer-nueva-coranica-y-buen-gobierno.md,matched,
/node/26,/remarks-chinese-character-and-customs/,node,26,sources/remarks-chinese-character-and-customs.md,matched,
/node/260,/lady-bridge-tale-genji-painting-scroll/,node,260,sources/lady-bridge-tale-genji-painting-scroll.md,matched,
/node/2600,/long-teaching-module-inca-society/,node,2600,teaching/long-teaching-module-inca-society.md,matched,
/node/2601,/excerpts-vita-karoli-magni/,node,2601,sources/excerpts-vita-karoli-magni.md,matched,
/node/2602,/deeds-emperor-charles-great/,node,2602,sources/deeds-emperor-charles-great.md,matched,
/node/2603,/speculum-historiale-vincent-beauvais/,node,2603,sources/speculum-historiale-vincent-beauvais.md,matched,
/node/2604,/short-teaching-module-legacy-charlemagne-through-ages/,node,2604,teaching/short-teaching-module-legacy-charlemagne-through-ages.md,matched,
/node/2605,/constantinian-edicts/,node,2605,sources/constantinian-edicts.md,matched,
/node/2606,/selections-eusebius-life-constantine/,node,2606,sources/selections-eusebius-life-constantine.md,matched,
/node/2607,/coin-minted-constantine/,node,2607,sources/coin-minted-constantine.md,matched,
/node/2608,/short-teaching-module-constantine-and-christianity/,node,2608,teaching/short-teaching-module-constantine-and-christianity.md,matched,
/node/2609,/maguire-residence/,node,2609,sources/maguire-residence.md,matched,
/node/261,/lila-pilipina-brochure/,node,261,sources/lila-pilipina-brochure.md,matched,
/node/2610,/uruguayan-jail-cell-door/,node,2610,sources/uruguayan-jail-cell-door.md,matched,
/node/2611,/teatro-nacional-cervantes/,node,2611,sources/teatro-nacional-cervantes.md,matched,
/node/2612,/colony-crisis-saint-domingue-grain-shortage-1789/,node,2612,reviews/colony-crisis-saint-domingue-grain-shortage-1789.md,matched,
/node/2613,/ginger-bread-recipe/,node,2613,sources/ginger-bread-recipe.md,matched,
/node/2614,/world-map-n-s-america/,node,2614,sources/world-map-n-s-america.md,matched,
/node/2615,/negro-slavery-described-negro/,node,2615,sources/negro-slavery-described-negro.md,matched,
/node/2616,/short-teaching-module-human-history-commodities/,node,2616,teaching/short-teaching-module-human-history-commodities.md,matched,
/node/2617,/islam-ebb/,node,2617,sources/islam-ebb.md,matched,
/node/2618,/section-bubbles-finance/,node,2618,sources/section-bubbles-finance.md,matched,
/node/2619,/money-market-article/,node,2619,sources/money-market-article.md,matched,
/node/262,/woman-leninstalin-flag/,node,262,sources/woman-leninstalin-flag.md,matched,
/node/2620,/short-teaching-module-forgotten-beirut-based-companies-global-history-capitalism/,node,2620,teaching/short-teaching-module-forgotten-beirut-based-companies-global-history-capitalism.md,matched,
/node/2621,/edifying-and-curious-letters-some-missioners-society-jesus-foreign-missions/,node,2621,sources/edifying-and-curious-letters-some-missioners-society-jesus-foreign-missions.md,matched,
/node/2622,/buddhist-records-western-world/,node,2622,sources/buddhist-records-western-world.md,matched,
/node/2623,/map-travels-xuanzang-629-ad-645-ad-journey-west/,node,2623,sources/map-travels-xuanzang-629-ad-645-ad-journey-west.md,matched,
/node/2624,/short-teaching-module-cultural-exchange-modern-times/,node,2624,teaching/short-teaching-module-cultural-exchange-modern-times.md,matched,
/node/2625,/blavatnik-archive/,node,2625,reviews/blavatnik-archive.md,matched,
/node/2626,/la-mision-de-corpus-christi-de-san-antonio-de-la-ysleta-del-sur/,node,2626,sources/la-mision-de-corpus-christi-de-san-antonio-de-la-ysleta-del-sur.md,matched,
/node/2627,/nuestra-senora-de-la-bahia-del-espiritu-santo-de-zuniga/,node,2627,sources/nuestra-senora-de-la-bahia-del-espiritu-santo-de-zuniga.md,matched,
/node/2628,/mision-santa-cruz-de-san-saba/,node,2628,sources/mision-santa-cruz-de-san-saba.md,matched,
/node/2629,/mision-san-jose-y-san-miguel-de-aguayo/,node,2629,sources/mision-san-jose-y-san-miguel-de-aguayo.md,matched,
/node/263,/drawing-khoi-dancers/,node,263,sources/drawing-khoi-dancers.md,matched,
/node/2630,/mision-san-francisco-de-la-espada/,node,2630,sources/mision-san-francisco-de-la-espada.md,matched,
/node/2631,/mision-nuestra-senora-de-la-purisima-concepcion-de-acuna/,node,2631,sources/mision-nuestra-senora-de-la-purisima-concepcion-de-acuna.md,matched,
/node/2632,/letters-marie-mancini/,node,2632,reviews/letters-marie-mancini.md,matched,
/node/2633,/mision-san-ildefonso/,node,2633,sources/mision-san-ildefonso.md,matched,
/node/2634,/mision-san-agustin-de-isleta/,node,2634,sources/mision-san-agustin-de-isleta.md,matched,
/node/2635,/mision-san-juan-capistrano/,node,2635,sources/mision-san-juan-capistrano.md,matched,
/node/2636,/mision-nuestra-senora-del-refugio/,node,2636,sources/mision-nuestra-senora-del-refugio.md,matched,
/node/2637,/mision-san-elizario/,node,2637,sources/mision-san-elizario.md,matched,
/node/2638,/mision-san-estevan-del-rey-de-acoma/,node,2638,sources/mision-san-estevan-del-rey-de-acoma.md,matched,
/node/2639,/mision-san-jose-de-laguna/,node,2639,sources/mision-san-jose-de-laguna.md,matched,
/node/264,/true-woman/,node,264,sources/true-woman.md,matched,
/node/2640,/mision-san-miguel-new-mexico/,node,2640,sources/mision-san-miguel-new-mexico.md,matched,
/node/2641,/nuestra-senora-de-la-concepcion-del-socorro/,node,2641,sources/nuestra-senora-de-la-concepcion-del-socorro.md,matched,
/node/2642,/mision-san-lorenzo-de-picuris/,node,2642,sources/mision-san-lorenzo-de-picuris.md,matched,
/node/2643,/mision-san-jose-de-los-jemez/,node,2643,sources/mision-san-jose-de-los-jemez.md,matched,
/node/2644,/mision-san-gregorio-de-abo/,node,2644,sources/mision-san-gregorio-de-abo.md,matched,
/node/2645,/mision-san-francisco-de-asis/,node,2645,sources/mision-san-francisco-de-asis.md,matched,
/node/2646,/nuestra-senora-de-purisima-concepcion-de-quarai/,node,2646,sources/nuestra-senora-de-purisima-concepcion-de-quarai.md,matched,
/node/2647,/san-ysidro-and-san-buenaventura-de-humanas-gran-quivira/,node,2647,sources/san-ysidro-and-san-buenaventura-de-humanas-gran-quivira.md,matched,
/node/2648,/mission-san-xavier-del-bac/,node,2648,sources/mission-san-xavier-del-bac.md,matched,
/node/2649,/mision-san-cayetano-de-tumacacori/,node,2649,sources/mision-san-cayetano-de-tumacacori.md,matched,
/node/265,/sati-engraving-burning-hindoo-widow/,node,265,sources/sati-engraving-burning-hindoo-widow.md,matched,
/node/2650,/san-jose-de-guadalupe/,node,2650,sources/san-jose-de-guadalupe.md,matched,
/node/2651,/old-mission-san-buenaventura/,node,2651,sources/old-mission-san-buenaventura.md,matched,
/node/2652,/colonial-north-america-harvard-library/,node,2652,reviews/colonial-north-america-harvard-library.md,matched,
/node/2653,/lynching-united-states-1883-1941/,node,2653,reviews/lynching-united-states-1883-1941.md,matched,
/node/2654,/chinese-text-project/,node,2654,reviews/chinese-text-project.md,matched,
/node/2655,/abolition-slavery-project/,node,2655,reviews/abolition-slavery-project.md,matched,
/node/2656,/mision-san-gabriel-arcangel/,node,2656,sources/mision-san-gabriel-arcangel.md,matched,
/node/2657,/mision-san-rafael-arcangel/,node,2657,sources/mision-san-rafael-arcangel.md,matched,
/node/2658,/mision-san-fernando-rey-de-espana/,node,2658,sources/mision-san-fernando-rey-de-espana.md,matched,
/node/2659,/mision-san-francisco-de-solano/,node,2659,sources/mision-san-francisco-de-solano.md,matched,
/node/266,/lady-florentia-sale-diary/,node,266,sources/lady-florentia-sale-diary.md,matched,
/node/2660,/historic-government-publications-world-war-ii/,node,2660,reviews/historic-government-publications-world-war-ii.md,matched,
/node/2661,/digital-giza-giza-project-harvard-university/,node,2661,reviews/digital-giza-giza-project-harvard-university.md,matched,
/node/2662,/paris-past-and-present/,node,2662,reviews/paris-past-and-present.md,matched,
/node/2663,/womens-worlds-qajar-iran/,node,2663,reviews/womens-worlds-qajar-iran.md,matched,
/node/2664,/mision-san-carlos-borromeo-del-rio-carmelo/,node,2664,sources/mision-san-carlos-borromeo-del-rio-carmelo.md,matched,
/node/2665,/mision-san-antonio-de-padua/,node,2665,sources/mision-san-antonio-de-padua.md,matched,
/node/2666,/mision-nuestro-senora-de-la-soledad/,node,2666,sources/mision-nuestro-senora-de-la-soledad.md,matched,
/node/2667,/mision-la-purisima-concepcion-de-maria-santisima/,node,2667,sources/mision-la-purisima-concepcion-de-maria-santisima.md,matched,
/node/2668,/mision-basilica-san-diego-de-alcala/,node,2668,sources/mision-basilica-san-diego-de-alcala.md,matched,
/node/2669,/mision-san-juan-capistrano-california/,node,2669,sources/mision-san-juan-capistrano-california.md,matched,
/node/267,/workers-celebration/,node,267,sources/workers-celebration.md,matched,
/node/2670,/old-mission-san-juan-bautista/,node,2670,sources/old-mission-san-juan-bautista.md,matched,
/node/2671,/old-mission-san-luis-rey-de-francia/,node,2671,sources/old-mission-san-luis-rey-de-francia.md,matched,
/node/2672,/mision-san-francisco-de-asis-california/,node,2672,sources/mision-san-francisco-de-asis-california.md,matched,
/node/2673,/mision-san-luis-obispo-de-tolosa/,node,2673,sources/mision-san-luis-obispo-de-tolosa.md,matched,
/node/2674,/mision-san-miguel-california/,node,2674,sources/mision-san-miguel-california.md,matched,
/node/2675,/running-reality/,node,2675,reviews/running-reality.md,matched,
/node/2676,/saving-slave-houses/,node,2676,reviews/saving-slave-houses.md,matched,
/node/2677,/african-activist-archive/,node,2677,reviews/african-activist-archive.md,matched,
/node/2678,/zooniverse/,node,2678,reviews/zooniverse.md,matched,
/node/2679,/cliovis/,node,2679,reviews/cliovis.md,matched,
/node/268,/sugarcane-workers-strike/,node,268,sources/sugarcane-workers-strike.md,matched,
/node/2680,/primer-rewriting-sub-saharan-african-history/,node,2680,methods/primer-rewriting-sub-saharan-african-history.md,matched,
/node/2681,/travels-through-greco-roman-antiquity/,node,2681,reviews/travels-through-greco-roman-antiquity.md,matched,
/node/2682,/native-land/,node,2682,reviews/native-land.md,matched,
/node/2683,/posada-broadsheet/,node,2683,sources/posada-broadsheet.md,matched,
/node/2684,/french-renaissance-paleography/,node,2684,reviews/french-renaissance-paleography.md,matched,
/node/2685,/history21/,node,2685,reviews/history21.md,matched,
/node/2686,/london-newspaper/,node,2686,sources/london-newspaper.md,matched,
/node/2687,/peoples-map-global-china/,node,2687,reviews/peoples-map-global-china.md,matched,
/node/2688,/printing-press/,node,2688,sources/printing-press.md,matched,
/node/2689,/old-mission-santa-barbara/,node,2689,sources/old-mission-santa-barbara.md,matched,
/node/269,/tobacco-workers/,node,269,sources/tobacco-workers.md,matched,
/node/2690,/mision-santa-ines/,node,2690,sources/mision-santa-ines.md,matched,
/node/2691,/mision-santa-clara-de-asis/,node,2691,sources/mision-santa-clara-de-asis.md,matched,
/node/2692,/la-exaltacion-de-la-santa-cruz-mission/,node,2692,sources/la-exaltacion-de-la-santa-cruz-mission.md,matched,
/node/2693,/newspaper-report-eva-perons-death/,node,2693,sources/newspaper-report-eva-perons-death.md,matched,
/node/2694,/source-collection-analyzing-historic-churches-southwestern-us/,node,2694,teaching/source-collection-analyzing-historic-churches-southwestern-us.md,matched,
/node/2695,/times-india-masthead/,node,2695,sources/times-india-masthead.md,matched,
/node/2696,/kodak-advertisement/,node,2696,sources/kodak-advertisement.md,matched,
/node/2697,/competitive-journalism/,node,2697,sources/competitive-journalism.md,matched,
/node/2698,/anonymous-portrait/,node,2698,sources/anonymous-portrait.md,matched,
/node/2699,/chive-pocket-watch-reloj-de-bolsillo-tipo-cebollon/,node,2699,sources/chive-pocket-watch-reloj-de-bolsillo-tipo-cebollon.md,matched,
/node/27,/natural-history-chinese-girl/,node,27,sources/natural-history-chinese-girl.md,matched,
/node/270,/attack-bastille/,node,270,sources/attack-bastille.md,matched,
/node/2700,/cuauhtemoc-prisionero/,node,2700,sources/cuauhtemoc-prisionero.md,matched,
/node/2701,/female-terracotta-figure/,node,2701,sources/female-terracotta-figure.md,matched,
/node/2702,/portrait-francisco-lopez-de-solis/,node,2702,sources/portrait-francisco-lopez-de-solis.md,matched,
/node/2703,/portrait-gaspar-sanchez/,node,2703,sources/portrait-gaspar-sanchez.md,matched,
/node/2704,/portrait-hernan-cortes/,node,2704,sources/portrait-hernan-cortes.md,matched,
/node/2705,/seventeenth-century-metal-helmet/,node,2705,sources/seventeenth-century-metal-helmet.md,matched,
/node/2706,/map-outskirts-mexico-city/,node,2706,sources/map-outskirts-mexico-city.md,matched,
/node/2707,/small-terracotta-male/,node,2707,sources/small-terracotta-male.md,matched,
/node/2708,/orbis-stanford-geospatial-network-model-roman-world/,node,2708,reviews/orbis-stanford-geospatial-network-model-roman-world.md,matched,
/node/2709,/um-museum-anthropological-archaeology-image-database/,node,2709,reviews/um-museum-anthropological-archaeology-image-database.md,matched,
/node/271,/punishment-foulon/,node,271,sources/punishment-foulon.md,matched,
/node/2710,/anchorage-museum-rasmuson-center/,node,2710,reviews/anchorage-museum-rasmuson-center.md,matched,
/node/2711,/cyark/,node,2711,reviews/cyark.md,matched,
/node/2712,/ainu-and-ezochi-rare-collection/,node,2712,reviews/ainu-and-ezochi-rare-collection.md,matched,
/node/2713,/tell-negroes-join-other-peoples-world/,node,2713,sources/tell-negroes-join-other-peoples-world.md,matched,
/node/2714,/letter-council-women/,node,2714,sources/letter-council-women.md,matched,
/node/2715,/short-teaching-module-race-gender-and-transnational-histories-solidarity/,node,2715,teaching/short-teaching-module-race-gender-and-transnational-histories-solidarity.md,matched,
/node/2716,/chamber-commerce-newspaper-guangzhouwan-china/,node,2716,sources/chamber-commerce-newspaper-guangzhouwan-china.md,matched,
/node/2717,/albert-schatz-collection/,node,2717,reviews/albert-schatz-collection.md,matched,
/node/2718,/american-colony-jerusalem-1870-2006/,node,2718,reviews/american-colony-jerusalem-1870-2006.md,matched,
/node/2719,/chinese-troops-during-xinhai-revolution/,node,2719,sources/chinese-troops-during-xinhai-revolution.md,matched,
/node/272,/demolition-bastille/,node,272,sources/demolition-bastille.md,matched,
/node/2720,/ballets-russes-de-serge-diaghilev/,node,2720,reviews/ballets-russes-de-serge-diaghilev.md,matched,
/node/2721,/brazil-cordel-literature-web-archive/,node,2721,reviews/brazil-cordel-literature-web-archive.md,matched,
/node/2722,/hangzhou-elites-1935/,node,2722,sources/hangzhou-elites-1935.md,matched,
/node/2723,/short-teaching-module-colonialism-and-local-power/,node,2723,teaching/short-teaching-module-colonialism-and-local-power.md,matched,
/node/2724,/newspaper-coverage-pearl-harbor-bombing/,node,2724,sources/newspaper-coverage-pearl-harbor-bombing.md,matched,
/node/2725,/spanish-civil-war-posters/,node,2725,reviews/spanish-civil-war-posters.md,matched,
/node/2726,/japanese-censorship-collection/,node,2726,reviews/japanese-censorship-collection.md,matched,
/node/2727,/brumfield-collection/,node,2727,reviews/brumfield-collection.md,matched,
/node/2728,/online-museum-educational-resources-asian-art/,node,2728,reviews/online-museum-educational-resources-asian-art.md,matched,
/node/2729,/eltaher-collection/,node,2729,reviews/eltaher-collection.md,matched,
/node/273,/farewell-bastille/,node,273,sources/farewell-bastille.md,matched,
/node/2730,/world-war-i-posters/,node,2730,reviews/world-war-i-posters.md,matched,
/node/2731,/maps-liberia-1830-1870/,node,2731,reviews/maps-liberia-1830-1870.md,matched,
/node/2732,/piracy-trials/,node,2732,reviews/piracy-trials.md,matched,
/node/2733,/diotima/,node,2733,reviews/diotima.md,matched,
/node/2734,/indigenous-law-web-archive/,node,2734,reviews/indigenous-law-web-archive.md,matched,
/node/2735,/discovery-and-exploration/,node,2735,reviews/discovery-and-exploration.md,matched,
/node/2736,/korean-rare-book-digital-collection/,node,2736,reviews/korean-rare-book-digital-collection.md,matched,
/node/2737,/persian-language-rare-materials/,node,2737,reviews/persian-language-rare-materials.md,matched,
/node/2738,/sikkim-photos-kandell-collection/,node,2738,reviews/sikkim-photos-kandell-collection.md,matched,
/node/2739,/tibetan-oral-history-archive-project/,node,2739,reviews/tibetan-oral-history-archive-project.md,matched,
/node/274,/day-21-july-1789/,node,274,sources/day-21-july-1789.md,matched,
/node/2740,/portrait-carlota-ferreira/,node,2740,sources/portrait-carlota-ferreira.md,matched,
/node/2741,/espacio-de-arte-contemporaneo/,node,2741,sources/espacio-de-arte-contemporaneo.md,matched,
/node/2742,/mexican-newspaper-reports-american-women-crossing-border/,node,2742,sources/mexican-newspaper-reports-american-women-crossing-border.md,matched,
/node/2743,/analyzing-newspapers-0/,node,2743,methods/analyzing-newspapers-0.md,matched,
/node/2744,/cathedral-buenos-aires/,node,2744,sources/cathedral-buenos-aires.md,matched,
/node/2745,/artwork-calixto-mamani/,node,2745,sources/artwork-calixto-mamani.md,matched,
/node/2746,/entrando-la-plaza-pedro-figari/,node,2746,sources/entrando-la-plaza-pedro-figari.md,matched,
/node/2747,/salt-fields-solinen-russia/,node,2747,sources/salt-fields-solinen-russia.md,matched,
/node/2748,/san-antonio-convent/,node,2748,sources/san-antonio-convent.md,matched,
/node/2749,/aparicion-de-san-isidoro-al-rey-fernando-el-santo-ante-los-muros-de-sevilla-francisco-de-goya/,node,2749,sources/aparicion-de-san-isidoro-al-rey-fernando-el-santo-ante-los-muros-de-sevilla-francisco-de-goya.md,matched,
/node/275,/memorable-day-versailles-5-october-1789/,node,275,sources/memorable-day-versailles-5-october-1789.md,matched,
/node/2750,/pound-homestead/,node,2750,sources/pound-homestead.md,matched,
/node/2751,/contraste-joaquin-torres-garcia/,node,2751,sources/contraste-joaquin-torres-garcia.md,matched,
/node/2752,/archbishops-palace-alcala-de-henares/,node,2752,sources/archbishops-palace-alcala-de-henares.md,matched,
/node/2753,/frontispiece-sir-thomas-roe/,node,2753,sources/frontispiece-sir-thomas-roe.md,matched,
/node/2754,/chinggis-khan-his-father-yesugei/,node,2754,sources/chinggis-khan-his-father-yesugei.md,matched,
/node/2755,/mounted-mongol-warriors/,node,2755,sources/mounted-mongol-warriors.md,matched,
/node/2756,/chinggis-khans-mother-hogelun-secret-history-mongols/,node,2756,sources/chinggis-khans-mother-hogelun-secret-history-mongols.md,matched,
/node/2757,/chinggis-khan-and-his-wife-borte-secret-history-mongols/,node,2757,sources/chinggis-khan-and-his-wife-borte-secret-history-mongols.md,matched,
/node/2758,/anda-bond/,node,2758,sources/anda-bond.md,matched,
/node/2759,/sorghaghtani-beki-eyes-court-historians/,node,2759,sources/sorghaghtani-beki-eyes-court-historians.md,matched,
/node/276,/vanguard-women-going-versailles/,node,276,sources/vanguard-women-going-versailles.md,matched,
/node/2760,/sorghaghtani-beki-and-tolui/,node,2760,sources/sorghaghtani-beki-and-tolui.md,matched,
/node/2761,/long-teaching-module-masculinity-and-femininity-mongol-empire/,node,2761,teaching/long-teaching-module-masculinity-and-femininity-mongol-empire.md,matched,
/node/2762,/world-light-map/,node,2762,sources/world-light-map.md,matched,
/node/2763,/primer-history-globalization/,node,2763,methods/primer-history-globalization.md,matched,
/node/2764,/ancient-courses-mississippi-river-meander-belt/,node,2764,sources/ancient-courses-mississippi-river-meander-belt.md,matched,
/node/2765,/ecartico-early-modern-cultural-industries/,node,2765,reviews/ecartico-early-modern-cultural-industries.md,matched,
/node/2766,/coffee-production-dutch-east-indies/,node,2766,sources/coffee-production-dutch-east-indies.md,matched,
/node/2767,/copra-production-dutch-east-indies/,node,2767,sources/copra-production-dutch-east-indies.md,matched,
/node/2768,/view-coffee-plantation-marienbosch-surinam/,node,2768,sources/view-coffee-plantation-marienbosch-surinam.md,matched,
/node/2769,/manchester-digital-collections/,node,2769,reviews/manchester-digital-collections.md,matched,
/node/277,/triumph-parisian-army-and-people/,node,277,sources/triumph-parisian-army-and-people.md,matched,
/node/2770,/emmerton-letter-1926/,node,2770,sources/emmerton-letter-1926.md,matched,
/node/2771,/short-teaching-module-shared-space-shared-experiences-transnational-water-management-around-great/,node,2771,teaching/short-teaching-module-shared-space-shared-experiences-transnational-water-management-around-great.md,matched,
/node/2772,/akan-gold-weight-shape-sankofa-bird/,node,2772,sources/akan-gold-weight-shape-sankofa-bird.md,matched,
/node/2773,/southern-manchuria-railway-1906-1945/,node,2773,sources/southern-manchuria-railway-1906-1945.md,matched,
/node/2774,/primer-technology/,node,2774,methods/primer-technology.md,matched,
/node/2776,/excerpts-treaty-albany-1722/,node,2776,sources/excerpts-treaty-albany-1722.md,matched,
/node/2777,/excerpts-treaty-lancaster-1744/,node,2777,sources/excerpts-treaty-lancaster-1744.md,matched,
/node/2778,/excerpts-treaty-fort-stanwix-1768/,node,2778,sources/excerpts-treaty-fort-stanwix-1768.md,matched,
/node/2779,/guang-yutu-map/,node,2779,sources/guang-yutu-map.md,matched,
/node/278,/cortes-greets-xicotencatl-mexican-manuscript/,node,278,sources/cortes-greets-xicotencatl-mexican-manuscript.md,matched,
/node/2780,/selden-map/,node,2780,sources/selden-map.md,matched,
/node/2781,/short-teaching-module-premodern-chinese-maps-and-global-maritime-world/,node,2781,teaching/short-teaching-module-premodern-chinese-maps-and-global-maritime-world.md,matched,
/node/2782,/hmm-algeciras/,node,2782,sources/hmm-algeciras.md,matched,
/node/2783,/balclutha/,node,2783,sources/balclutha.md,matched,
/node/2784,/naval-encounter-between-dutch-and-spanish-warships/,node,2784,sources/naval-encounter-between-dutch-and-spanish-warships.md,matched,
/node/2785,/chinese-junk-early-18th-century/,node,2785,sources/chinese-junk-early-18th-century.md,matched,
/node/2786,/short-teaching-module-using-ships-guides-transnational-adventures-through-world-history/,node,2786,teaching/short-teaching-module-using-ships-guides-transnational-adventures-through-world-history.md,matched,
/node/2787,/francois-guilbeau-letter-loredo-trade/,node,2787,sources/francois-guilbeau-letter-loredo-trade.md,matched,
/node/2788,/invoice-goods-shipped-new-orleans-matamoros-mexico-1847/,node,2788,sources/invoice-goods-shipped-new-orleans-matamoros-mexico-1847.md,matched,
/node/2789,/short-teaching-module-connecting-local-and-global-history-mercantile-networks/,node,2789,teaching/short-teaching-module-connecting-local-and-global-history-mercantile-networks.md,matched,
/node/279,/dona-marina-florentine-codex/,node,279,sources/dona-marina-florentine-codex.md,matched,
/node/2790,/excerpts-treaty-loggs-town-1752/,node,2790,sources/excerpts-treaty-loggs-town-1752.md,matched,
/node/2791,/map-treaty-fort-stanwix-1768/,node,2791,sources/map-treaty-fort-stanwix-1768.md,matched,
/node/2792,/source-collection-analyzing-treaties-between-iroquois-confederacy-and-english-colonies-18th-century/,node,2792,teaching/source-collection-analyzing-treaties-between-iroquois-confederacy-and-english-colonies-18th-century.md,matched,
/node/2793,/native-languages-americas/,node,2793,reviews/native-languages-americas.md,matched,
/node/2794,/abbot-suger-what-was-done-his-administration-de-administratione-1144-1148/,node,2794,sources/abbot-suger-what-was-done-his-administration-de-administratione-1144-1148.md,matched,
/node/2795,/bernard-clairvaux-apology-apologia-1125/,node,2795,sources/bernard-clairvaux-apology-apologia-1125.md,matched,
/node/2796,/theophilus-diverse-arts-de-diversis-artibus-c-1120/,node,2796,sources/theophilus-diverse-arts-de-diversis-artibus-c-1120.md,matched,
/node/2797,/miracles-sainte-foy-bernard-angers-c-1013-1020/,node,2797,sources/miracles-sainte-foy-bernard-angers-c-1013-1020.md,matched,
/node/2798,/excerpts-harem-years-memoirs-egyptian-feminist-1879-1924/,node,2798,sources/excerpts-harem-years-memoirs-egyptian-feminist-1879-1924.md,matched,
/node/2799,/photograph-independence-protest-alexandria-egypt-1919/,node,2799,sources/photograph-independence-protest-alexandria-egypt-1919.md,matched,
/node/28,/ethics-christianity-and-confucianism-compared/,node,28,sources/ethics-christianity-and-confucianism-compared.md,matched,
/node/280,/claude-antoine-rozet-paintings/,node,280,sources/claude-antoine-rozet-paintings.md,matched,
/node/2800,/foundations-research-and-sponsorship/,node,2800,sources/foundations-research-and-sponsorship.md,matched,
/node/2801,/antifascism-and-leftist-politics/,node,2801,sources/antifascism-and-leftist-politics.md,matched,
/node/2802,/primer-intellectual-exchange/,node,2802,methods/primer-intellectual-exchange.md,matched,
/node/2803,/map-philippines-1734/,node,2803,sources/map-philippines-1734.md,matched,
/node/2804,/primer-global-urban-history/,node,2804,methods/primer-global-urban-history.md,matched,
/node/281,/rock-art-khoisan/,node,281,sources/rock-art-khoisan.md,matched,
/node/2810,/executive-abroad/,node,2810,reviews/executive-abroad.md,matched,
/node/2811,/inside-decisive-network/,node,2811,reviews/inside-decisive-network.md,matched,
/node/2812,/electing-house-representatives/,node,2812,reviews/electing-house-representatives.md,matched,
/node/2813,/robots-reading-vogue/,node,2813,reviews/robots-reading-vogue.md,matched,
/node/2814,/kansas-nebraska-act-1854/,node,2814,sources/kansas-nebraska-act-1854.md,matched,
/node/2815,/quebec-order-7-july-1796/,node,2815,sources/quebec-order-7-july-1796.md,matched,
/node/2816,/map-range-nuclear-missiles-cuba-1962/,node,2816,sources/map-range-nuclear-missiles-cuba-1962.md,matched,
/node/2817,/excerpt-kellogg-briand-pact-1928/,node,2817,sources/excerpt-kellogg-briand-pact-1928.md,matched,
/node/2818,/statute-international-criminal-tribunal-former-yugoslavia/,node,2818,sources/statute-international-criminal-tribunal-former-yugoslavia.md,matched,
/node/2819,/statute-international-criminal-tribunal-rwanda-1994/,node,2819,sources/statute-international-criminal-tribunal-rwanda-1994.md,matched,
/node/282,/siege-tuileries/,node,282,sources/siege-tuileries.md,matched,
/node/2820,/policy-statement-federal-military-government-issued-nigerian-embassies-abroad-1966/,node,2820,sources/policy-statement-federal-military-government-issued-nigerian-embassies-abroad-1966.md,matched,
/node/2821,/analyzing-official-documents-0/,node,2821,methods/analyzing-official-documents-0.md,matched,
/node/2822,/coca-cola-overseas/,node,2822,sources/coca-cola-overseas.md,matched,
/node/2823,/short-teaching-module-business-history-and-multilocal-approaches-world-history/,node,2823,teaching/short-teaching-module-business-history-and-multilocal-approaches-world-history.md,matched,
/node/2824,/marshall-islands-stick-chart/,node,2824,sources/marshall-islands-stick-chart.md,matched,
/node/2825,/heading-east-portal-tunnel-no-8/,node,2825,sources/heading-east-portal-tunnel-no-8.md,matched,
/node/2826,/we-can-stop-makapuu-madness/,node,2826,sources/we-can-stop-makapuu-madness.md,matched,
/node/2827,/short-teaching-module-history-pacific-ocean/,node,2827,teaching/short-teaching-module-history-pacific-ocean.md,matched,
/node/2828,/mijikenda-textiles/,node,2828,sources/mijikenda-textiles.md,matched,
/node/2829,/short-teaching-module-precolonial-kenya-small-scale-history/,node,2829,teaching/short-teaching-module-precolonial-kenya-small-scale-history.md,matched,
/node/283,/foundation-republic-august-10-1792/,node,283,sources/foundation-republic-august-10-1792.md,matched,
/node/2830,/chinese-migrants-us-way-mexico/,node,2830,sources/chinese-migrants-us-way-mexico.md,matched,
/node/2831,/primer-borderlands-history/,node,2831,methods/primer-borderlands-history.md,matched,
/node/2832,/problems-third-world-development/,node,2832,sources/problems-third-world-development.md,matched,
/node/2833,/economic-declaration-nonaligned-countries/,node,2833,sources/economic-declaration-nonaligned-countries.md,matched,
/node/2834,/short-teaching-module-nonaligned-movement-and-cold-war-detente/,node,2834,teaching/short-teaching-module-nonaligned-movement-and-cold-war-detente.md,matched,
/node/2835,/maya-monument-glyphs-4th-9th-centuries/,node,2835,sources/maya-monument-glyphs-4th-9th-centuries.md,matched,
/node/2836,/maya-vase-mythological-scene-7th-8th-century/,node,2836,sources/maya-vase-mythological-scene-7th-8th-century.md,matched,
/node/2837,/maya-drinking-vessel-seated-lord-7th-8th-century/,node,2837,sources/maya-drinking-vessel-seated-lord-7th-8th-century.md,matched,
/node/2838,/maya-deity-face-jade-pendant-7th-8th-century/,node,2838,sources/maya-deity-face-jade-pendant-7th-8th-century.md,matched,
/node/2839,/short-teaching-module-maya-writing/,node,2839,teaching/short-teaching-module-maya-writing.md,matched,
/node/2840,/ariya-cam-bini/,node,2840,sources/ariya-cam-bini.md,matched,
/node/2841,/calendar-cham-manuscript-early-20th-century/,node,2841,sources/calendar-cham-manuscript-early-20th-century.md,matched,
/node/2842,/short-teaching-module-ariya-cam-bini-19th-century-cham-poem/,node,2842,teaching/short-teaching-module-ariya-cam-bini-19th-century-cham-poem.md,matched,
/node/2843,/photograph-indian-tableaux-endon/,node,2843,sources/photograph-indian-tableaux-endon.md,matched,
/node/2844,/photograph-boy-scout-world-jamboree-1929/,node,2844,sources/photograph-boy-scout-world-jamboree-1929.md,matched,
/node/2845,/video-march-flags-1929-boy-scout-world-jamboree/,node,2845,sources/video-march-flags-1929-boy-scout-world-jamboree.md,matched,
/node/2846,/video-indian-boy-scouts-1929-world-jamboree/,node,2846,sources/video-indian-boy-scouts-1929-world-jamboree.md,matched,
/node/2847,/video-boy-scouts-1929-world-jamboree-perform-native-americans/,node,2847,sources/video-boy-scouts-1929-world-jamboree-perform-native-americans.md,matched,
/node/2848,/maori-girls-school/,node,2848,sources/maori-girls-school.md,matched,
/node/2849,/south-african-native-affairs-commission-report-education/,node,2849,sources/south-african-native-affairs-commission-report-education.md,matched,
/node/285,/massacre-prisoners-st-germain-abbey/,node,285,sources/massacre-prisoners-st-germain-abbey.md,matched,
/node/2850,/sewing-classes-mount-margaret-mission/,node,2850,sources/sewing-classes-mount-margaret-mission.md,matched,
/node/2851,/long-teaching-module-exploring-empire-through-lens-childhood-and-gender/,node,2851,teaching/long-teaching-module-exploring-empire-through-lens-childhood-and-gender.md,matched,
/node/2852,/chilean-consul-writes-immigrants-needing-assistance-1864/,node,2852,sources/chilean-consul-writes-immigrants-needing-assistance-1864.md,matched,
/node/2853,/chilean-consul-writes-immigrants-seeking-avoid-military-service-1865/,node,2853,sources/chilean-consul-writes-immigrants-seeking-avoid-military-service-1865.md,matched,
/node/2854,/primer-transnational-mobility-and-state-formation/,node,2854,methods/primer-transnational-mobility-and-state-formation.md,matched,
/node/2855,/cartoon-mocking-british-policy-toward-india-1788/,node,2855,sources/cartoon-mocking-british-policy-toward-india-1788.md,matched,
/node/2856,/cartoon-depicts-debate-hastings-impeachment-trial-1788/,node,2856,sources/cartoon-depicts-debate-hastings-impeachment-trial-1788.md,matched,
/node/2857,/hickys-bengal-gazette/,node,2857,sources/hickys-bengal-gazette.md,matched,
/node/2858,/short-teaching-module-making-empire-global-british-imperialism-india-1750-1800/,node,2858,teaching/short-teaching-module-making-empire-global-british-imperialism-india-1750-1800.md,matched,
/node/2859,/catalan-map-world-c1450/,node,2859,sources/catalan-map-world-c1450.md,matched,
/node/286,/massacre-priests/,node,286,sources/massacre-priests.md,matched,
/node/2860,/nautical-chart-1385/,node,2860,sources/nautical-chart-1385.md,matched,
/node/2861,/short-teaching-module-examining-early-genoese-voyages-through-maps/,node,2861,teaching/short-teaching-module-examining-early-genoese-voyages-through-maps.md,matched,
/node/2862,/lisbon-port-entry-list-colonial-american-ships-1771/,node,2862,sources/lisbon-port-entry-list-colonial-american-ships-1771.md,matched,
/node/2863,/bill-lading-ship-piscataqua-bilbao-spain-1721/,node,2863,sources/bill-lading-ship-piscataqua-bilbao-spain-1721.md,matched,
/node/2864,/short-teaching-module-global-approaches-maritime-trade-colonial-north-america/,node,2864,teaching/short-teaching-module-global-approaches-maritime-trade-colonial-north-america.md,matched,
/node/2865,/original-manuscripts-anne-frank/,node,2865,sources/original-manuscripts-anne-frank.md,matched,
/node/2866,/living-history-hillary-clinton/,node,2866,sources/living-history-hillary-clinton.md,matched,
/node/2867,/memoirs-and-poems-phillis-wheatley/,node,2867,sources/memoirs-and-poems-phillis-wheatley.md,matched,
/node/2868,/patience-and-power-susan-davis/,node,2868,sources/patience-and-power-susan-davis.md,matched,
/node/2869,/dreams-trespass-fatima-mernissi/,node,2869,sources/dreams-trespass-fatima-mernissi.md,matched,
/node/287,/massacre-prisoners/,node,287,sources/massacre-prisoners.md,matched,
/node/2870,/nisa-life-and-words-kung-woman-marjorie-shostak/,node,2870,sources/nisa-life-and-words-kung-woman-marjorie-shostak.md,matched,
/node/2871,/analyzing-personal-accounts-0/,node,2871,methods/analyzing-personal-accounts-0.md,matched,
/node/2872,/disinfection-dakar-houses-clayton-apparatus/,node,2872,sources/disinfection-dakar-houses-clayton-apparatus.md,matched,
/node/2873,/yellow-fever-dakar-there-no-epidemic/,node,2873,sources/yellow-fever-dakar-there-no-epidemic.md,matched,
/node/2874,/rockefeller-foundation-report-concerning-yellow-fever-vaccine/,node,2874,sources/rockefeller-foundation-report-concerning-yellow-fever-vaccine.md,matched,
/node/2875,/short-teaching-module-transnational-efforts-controlling-yellow-fever/,node,2875,teaching/short-teaching-module-transnational-efforts-controlling-yellow-fever.md,matched,
/node/2876,/advertisement-auction-anns-cargo-1827/,node,2876,sources/advertisement-auction-anns-cargo-1827.md,matched,
/node/2877,/american-and-zanzibari-trade-contract-1841/,node,2877,sources/american-and-zanzibari-trade-contract-1841.md,matched,
/node/2878,/outward-cargo-manifest-rowena-1841/,node,2878,sources/outward-cargo-manifest-rowena-1841.md,matched,
/node/2879,/short-teaching-module-nineteenth-century-american-trade-zanzibar/,node,2879,teaching/short-teaching-module-nineteenth-century-american-trade-zanzibar.md,matched,
/node/288,/ayyubid-and-ottoman-architecture/,node,288,sources/ayyubid-and-ottoman-architecture.md,matched,
/node/2880,/map-land-grant-new-zealand-university-1873/,node,2880,sources/map-land-grant-new-zealand-university-1873.md,matched,
/node/2881,/map-land-grant-cornell-university-1877/,node,2881,sources/map-land-grant-cornell-university-1877.md,matched,
/node/2882,/south-african-college-and-its-old-boys-1886/,node,2882,sources/south-african-college-and-its-old-boys-1886.md,matched,
/node/2883,/primer-global-history-higher-education/,node,2883,methods/primer-global-history-higher-education.md,matched,
/node/2884,/map-europe-1918/,node,2884,sources/map-europe-1918.md,matched,
/node/2885,/cold-war-europe-military-alliances-map/,node,2885,sources/cold-war-europe-military-alliances-map.md,matched,
/node/2886,/history-nato-expansion-map/,node,2886,sources/history-nato-expansion-map.md,matched,
/node/2887,/act-declaration-independence-ukraine/,node,2887,sources/act-declaration-independence-ukraine.md,matched,
/node/2888,/alma-ata-declaration/,node,2888,sources/alma-ata-declaration.md,matched,
/node/2889,/mikhail-gorbachevs-resignation-speech/,node,2889,sources/mikhail-gorbachevs-resignation-speech.md,matched,
/node/289,/life-histories-chile-table/,node,289,sources/life-histories-chile-table.md,matched,
/node/2890,/long-teaching-module-border-changes-soviet-union/,node,2890,teaching/long-teaching-module-border-changes-soviet-union.md,matched,
/node/2891,/wolffs-justification-omitting-hay-values/,node,2891,sources/wolffs-justification-omitting-hay-values.md,matched,
/node/2892,/short-teaching-module-agricultural-knowledge-late-nineteenth-century/,node,2892,teaching/short-teaching-module-agricultural-knowledge-late-nineteenth-century.md,matched,
/node/2893,/ideal-ration-recipe/,node,2893,sources/ideal-ration-recipe.md,matched,
/node/2894,/togo-farm-families-cracking-oil-palm-kernels/,node,2894,sources/togo-farm-families-cracking-oil-palm-kernels.md,matched,
/node/2895,/batavia-castle/,node,2895,sources/batavia-castle.md,matched,
/node/2896,/landraad-pati/,node,2896,sources/landraad-pati.md,matched,
/node/2897,/short-teaching-module-spatial-histories-law-race-and-empire/,node,2897,teaching/short-teaching-module-spatial-histories-law-race-and-empire.md,matched,
/node/2898,/memoir-william-ruschenberger/,node,2898,sources/memoir-william-ruschenberger.md,matched,
/node/2899,/1841-letter-atkins-hamerton/,node,2899,sources/1841-letter-atkins-hamerton.md,matched,
/node/29,/missionary-journal-foot-binding-1/,node,29,sources/missionary-journal-foot-binding-1.md,matched,
/node/290,/earthenware-mold-swaddled-child/,node,290,sources/earthenware-mold-swaddled-child.md,matched,
/node/2900,/short-teaching-module-global-microhistory-and-nineteenth-century-omani-empire/,node,2900,teaching/short-teaching-module-global-microhistory-and-nineteenth-century-omani-empire.md,matched,
/node/2901,/femmes-nicaragua/,node,2901,sources/femmes-nicaragua.md,matched,
/node/2902,/letter-nicaraguan-embassy/,node,2902,sources/letter-nicaraguan-embassy.md,matched,
/node/2903,/somoza-cartoon/,node,2903,sources/somoza-cartoon.md,matched,
/node/2904,/short-teaching-module-transnational-connections-and-long-cold-war-nicaragua/,node,2904,teaching/short-teaching-module-transnational-connections-and-long-cold-war-nicaragua.md,matched,
/node/2905,/page-qing-veritable-records/,node,2905,sources/page-qing-veritable-records.md,matched,
/node/2906,/page-pentaglot-manchu-glossary/,node,2906,sources/page-pentaglot-manchu-glossary.md,matched,
/node/2907,/veritable-records-choson-dynasty/,node,2907,sources/veritable-records-choson-dynasty.md,matched,
/node/2908,/short-teaching-module-translation-and-world-history-qing-empire/,node,2908,teaching/short-teaching-module-translation-and-world-history-qing-empire.md,matched,
/node/2909,/edward-waring-assafoetida-medicine-india/,node,2909,sources/edward-waring-assafoetida-medicine-india.md,matched,
/node/291,/boy-prodigy-xiang-tuo/,node,291,sources/boy-prodigy-xiang-tuo.md,matched,
/node/2910,/edward-waring-borax-medicine-india/,node,2910,sources/edward-waring-borax-medicine-india.md,matched,
/node/2911,/short-teaching-module-teaching-intersection-gender-and-race-through-colonial-medical-texts/,node,2911,teaching/short-teaching-module-teaching-intersection-gender-and-race-through-colonial-medical-texts.md,matched,
/node/2912,/pittsburgh-newspaper-article-bank-gives-boost-black-areas/,node,2912,sources/pittsburgh-newspaper-article-bank-gives-boost-black-areas.md,matched,
/node/2913,/pittsburgh-news-coverage-community-reinvestment-group/,node,2913,sources/pittsburgh-news-coverage-community-reinvestment-group.md,matched,
/node/2914,/sos-avenir-minguettes-president-toumi-djaidja-lyon-france/,node,2914,sources/sos-avenir-minguettes-president-toumi-djaidja-lyon-france.md,matched,
/node/2915,/mayor-lyon-france-drives-bulldozer-initiate-construction-social-housing/,node,2915,sources/mayor-lyon-france-drives-bulldozer-initiate-construction-social-housing.md,matched,
/node/2916,/plans-social-housing-france/,node,2916,sources/plans-social-housing-france.md,matched,
/node/2917,/picture-civil-rights-activist-djida-tazdait/,node,2917,sources/picture-civil-rights-activist-djida-tazdait.md,matched,
/node/2918,/social-housing-development-france/,node,2918,sources/social-housing-development-france.md,matched,
/node/2919,/construction-drawing-social-housing-high-rise-duchere/,node,2919,sources/construction-drawing-social-housing-high-rise-duchere.md,matched,
/node/292,/mencius-and-his-mother-lesson-drawn-weaving/,node,292,sources/mencius-and-his-mother-lesson-drawn-weaving.md,matched,
/node/2920,/social-capital-world-history-lyon-and-pittsburgh-examples/,node,2920,teaching/social-capital-world-history-lyon-and-pittsburgh-examples.md,matched,
/node/2921,/george-browne-freedom-ghana/,node,2921,sources/george-browne-freedom-ghana.md,matched,
/node/2922,/lord-kitchener-birth-ghana-1957/,node,2922,sources/lord-kitchener-birth-ghana-1957.md,matched,
/node/2923,/short-teaching-module-music-and-decolonization-black-atlantic/,node,2923,teaching/short-teaching-module-music-and-decolonization-black-atlantic.md,matched,
/node/2924,/list-foreign-arrivals-port-zanzibar-16th-september-1832-26th-may-1835/,node,2924,sources/list-foreign-arrivals-port-zanzibar-16th-september-1832-26th-may-1835.md,matched,
/node/2925,/letter-us-president-andrew-jackson-senate-dated-washington-may-30-1834/,node,2925,sources/letter-us-president-andrew-jackson-senate-dated-washington-may-30-1834.md,matched,
/node/2926,/short-teaching-unit-omani-empire-and-center-emerging-global-economy-1500-1850/,node,2926,teaching/short-teaching-unit-omani-empire-and-center-emerging-global-economy-1500-1850.md,matched,
/node/2927,/business-contract-between-richard-p-waters-and-his-omani-zanzibari-trading-partner-esau-bin-abdul/,node,2927,sources/business-contract-between-richard-p-waters-and-his-omani-zanzibari-trading-partner-esau-bin-abdul.md,matched,
/node/293,/terakoya-vs-meiji-school/,node,293,sources/terakoya-vs-meiji-school.md,matched,
/node/294,/native-american-children-and-toys/,node,294,sources/native-american-children-and-toys.md,matched,
/node/2949,/mao-tse-tungs-statement-regarding-racial-discrimination-united-states-1963/,node,2949,sources/mao-tse-tungs-statement-regarding-racial-discrimination-united-states-1963.md,matched,
/node/295,/linen-towel-indigo-woven-border/,node,295,sources/linen-towel-indigo-woven-border.md,matched,
/node/2950,/speech-us-civil-rights-leader-robert-williams-1966/,node,2950,sources/speech-us-civil-rights-leader-robert-williams-1966.md,matched,
/node/2951,/drive-old-and-new-colonialists-out-africa-propaganda-poster-1964/,node,2951,sources/drive-old-and-new-colonialists-out-africa-propaganda-poster-1964.md,matched,
/node/2952,/resolutely-support-just-struggle-american-blacks-propaganda-poster-1963/,node,2952,sources/resolutely-support-just-struggle-american-blacks-propaganda-poster-1963.md,matched,
/node/2953,/bayeux-tapestry/,node,2953,sources/bayeux-tapestry.md,matched,
/node/2954,/tomoe-gozen/,node,2954,sources/tomoe-gozen.md,matched,
/node/2955,/kasai-velvet-democratic-republic-congo/,node,2955,sources/kasai-velvet-democratic-republic-congo.md,matched,
/node/2956,/mandate-palestine/,node,2956,sources/mandate-palestine.md,matched,
/node/2957,/big-business-banishes-flapper/,node,2957,sources/big-business-banishes-flapper.md,matched,
/node/2958,/census-england-1891/,node,2958,sources/census-england-1891.md,matched,
/node/2959,/analyzing-primary-sources-women-world-history/,node,2959,methods/analyzing-primary-sources-women-world-history.md,matched,
/node/296,/days-31-may-and-1-2-june-1793/,node,296,sources/days-31-may-and-1-2-june-1793.md,matched,
/node/2960,/laws-manu/,node,2960,sources/laws-manu.md,matched,
/node/2961,/yamamoto-shunshos-tale-genji/,node,2961,sources/yamamoto-shunshos-tale-genji.md,matched,
/node/2962,/strange-fruit-billie-holiday-1939/,node,2962,sources/strange-fruit-billie-holiday-1939.md,matched,
/node/2963,/love-letter-jan-vermeer/,node,2963,sources/love-letter-jan-vermeer.md,matched,
/node/2964,/quilted-bedcover-elisabeth-chapman/,node,2964,sources/quilted-bedcover-elisabeth-chapman.md,matched,
/node/297,/emile/,node,297,sources/emile.md,matched,
/node/2970,/shipping-company-route-map-1889/,node,2970,sources/shipping-company-route-map-1889.md,matched,
/node/2971,/ship-plan-late-19th-century-steamship/,node,2971,sources/ship-plan-late-19th-century-steamship.md,matched,
/node/2972,/mahabodhi-temple/,node,2972,sources/mahabodhi-temple.md,matched,
/node/2973,/olympic-games-poster-stockholm-1912/,node,2973,sources/olympic-games-poster-stockholm-1912.md,matched,
/node/2974,/newspaper-report-pan-african-congresss-response-us-lynchings/,node,2974,sources/newspaper-report-pan-african-congresss-response-us-lynchings.md,matched,
/node/2975,/newspaper-article-promoting-pan-african-congress/,node,2975,sources/newspaper-article-promoting-pan-african-congress.md,matched,
/node/2976,/web-dubois-details-1919-pan-african-congress-newspaper-article/,node,2976,sources/web-dubois-details-1919-pan-african-congress-newspaper-article.md,matched,
/node/2977,/hakluyts-principall-investigations/,node,2977,sources/hakluyts-principall-investigations.md,matched,
/node/2978,/photograph-principal-chiefs-west-africa/,node,2978,sources/photograph-principal-chiefs-west-africa.md,matched,
/node/2979,/travel-writing-al-biruni-11th-century-persian-scholar/,node,2979,sources/travel-writing-al-biruni-11th-century-persian-scholar.md,matched,
/node/298,/buffalo-wheels-toy/,node,298,sources/buffalo-wheels-toy.md,matched,
/node/2980,/marco-polos-travels/,node,2980,sources/marco-polos-travels.md,matched,
/node/2981,/newspaper-report-fourth-pan-african-congress-meeting-1927/,node,2981,sources/newspaper-report-fourth-pan-african-congress-meeting-1927.md,matched,
/node/2982,/foreign-travels-and-dangerous-voyages-sir-john-mandeville-14th-century/,node,2982,sources/foreign-travels-and-dangerous-voyages-sir-john-mandeville-14th-century.md,matched,
/node/2983,/aztec-skull-earring-16th-century/,node,2983,sources/aztec-skull-earring-16th-century.md,matched,
/node/2984,/analyzing-travel-records/,node,2984,methods/analyzing-travel-records.md,matched,
/node/2985,/source-collection-pan-africanism-anticolonialism-and-addressing-problem-global-color-line-20th/,node,2985,teaching/source-collection-pan-africanism-anticolonialism-and-addressing-problem-global-color-line-20th.md,matched,
/node/2986,/short-teaching-module-connecting-french-empire/,node,2986,teaching/short-teaching-module-connecting-french-empire.md,matched,
/node/2988,/mexicana-repository-cultural-patrimony-mexico/,node,2988,reviews/mexicana-repository-cultural-patrimony-mexico.md,matched,
/node/299,/age-menarche-norway/,node,299,sources/age-menarche-norway.md,matched,
/node/2991,/rashid-graduates-oregon-agricultural-college-1908/,node,2991,sources/rashid-graduates-oregon-agricultural-college-1908.md,matched,
/node/2992,/us-targets-indian-activist-taraknath-das/,node,2992,sources/us-targets-indian-activist-taraknath-das.md,matched,
/node/2993,/britain-pressures-us-revoke-citizenship-indian-activist/,node,2993,sources/britain-pressures-us-revoke-citizenship-indian-activist.md,matched,
/node/2994,/2-prints-sole-amerindian-canoe/,node,2994,sources/2-prints-sole-amerindian-canoe.md,matched,
/node/2995,/short-teaching-module-indian-immigrants-and-us-citizenship-imperial-context/,node,2995,teaching/short-teaching-module-indian-immigrants-and-us-citizenship-imperial-context.md,matched,
/node/2996,/remains-stargate-canoe/,node,2996,sources/remains-stargate-canoe.md,matched,
/node/2997,/least-cost-pathway-analysis-showing-movement-across-landscape/,node,2997,sources/least-cost-pathway-analysis-showing-movement-across-landscape.md,matched,
/node/2998,/brochure-south-carolina-inter-state-and-west-indian-exposition-charleston-exposition-1901-1902/,node,2998,sources/brochure-south-carolina-inter-state-and-west-indian-exposition-charleston-exposition-1901-1902.md,matched,
/node/2999,/puerto-rican-needleworkers-factory-san-juan-puerto-rico-1942/,node,2999,sources/puerto-rican-needleworkers-factory-san-juan-puerto-rico-1942.md,matched,
/node/30,/missionary-journal-foot-binding-2/,node,30,sources/missionary-journal-foot-binding-2.md,matched,
/node/300,/transplanting-teeth/,node,300,sources/transplanting-teeth.md,matched,
/node/3000,/norma-rae-depicting-womens-labor-history-through-film/,node,3000,sources/norma-rae-depicting-womens-labor-history-through-film.md,matched,
/node/3001,/short-teaching-module-portraying-women-workers-beyond-norma-rae/,node,3001,teaching/short-teaching-module-portraying-women-workers-beyond-norma-rae.md,matched,
/node/3002,/tracing-canoe-pathways-lesser-antilles-2000-be-400-bc/,node,3002,sources/tracing-canoe-pathways-lesser-antilles-2000-be-400-bc.md,matched,
/node/3003,/long-teaching-module-caribbean-seafaring-archaic-age-2000-400-bc/,node,3003,teaching/long-teaching-module-caribbean-seafaring-archaic-age-2000-400-bc.md,matched,
/node/3004,/wooden-stockade-penang-island-18th-century/,node,3004,sources/wooden-stockade-penang-island-18th-century.md,matched,
/node/3005,/british-police-station-rasah-malaysia/,node,3005,sources/british-police-station-rasah-malaysia.md,matched,
/node/3006,/short-teaching-module-building-materials-indicator-transnational-encounters-malaysia/,node,3006,teaching/short-teaching-module-building-materials-indicator-transnational-encounters-malaysia.md,matched,
/node/3007,/map-and-population-table-british-gambia-1915-1918/,node,3007,sources/map-and-population-table-british-gambia-1915-1918.md,matched,
/node/3008,/short-teaching-module-borderland-migration-and-communities-twentieth-century-west-africa/,node,3008,teaching/short-teaching-module-borderland-migration-and-communities-twentieth-century-west-africa.md,matched,
/node/3009,/aaas-defends-edward-condon-huac-1948/,node,3009,sources/aaas-defends-edward-condon-huac-1948.md,matched,
/node/301,/rubeola-vulgaris-measles/,node,301,sources/rubeola-vulgaris-measles.md,matched,
/node/3010,/national-academy-sciences-objects-political-persecution-condon-1948/,node,3010,sources/national-academy-sciences-objects-political-persecution-condon-1948.md,matched,
/node/3011,/harvard-physics-department-asserts-investigations-threaten-national-security-1950/,node,3011,sources/harvard-physics-department-asserts-investigations-threaten-national-security-1950.md,matched,
/node/3012,/short-teaching-module-science-technology-and-us-military-industrial-complex-during-cold-war/,node,3012,teaching/short-teaching-module-science-technology-and-us-military-industrial-complex-during-cold-war.md,matched,
/node/3014,/popular-world-development-indicators-four-caribbean-countries/,node,3014,sources/popular-world-development-indicators-four-caribbean-countries.md,matched,
/node/3015,/transcript-treaty-basseterre-1981/,node,3015,sources/transcript-treaty-basseterre-1981.md,matched,
/node/3016,/oecs-treaty-publication-fragments/,node,3016,sources/oecs-treaty-publication-fragments.md,matched,
/node/3017,/solidarity-expressions-puerto-rican-diaspora/,node,3017,sources/solidarity-expressions-puerto-rican-diaspora.md,matched,
/node/3018,/one-voice-somos-live-concert-disaster-relief/,node,3018,sources/one-voice-somos-live-concert-disaster-relief.md,matched,
/node/3019,/economic-diplomacy-caribbean-second-world-war/,node,3019,teaching/economic-diplomacy-caribbean-second-world-war.md,matched,
/node/302,/aztec-cradleboard-figurine-and-drawing/,node,302,sources/aztec-cradleboard-figurine-and-drawing.md,matched,
/node/3020,/adding-and-subtracting-early-modern-counting-board/,node,3020,sources/adding-and-subtracting-early-modern-counting-board.md,matched,
/node/3021,/history-pre-modern-math/,node,3021,methods/history-pre-modern-math.md,matched,
/node/3022,/pestle-finial-papua-new-guinea/,node,3022,sources/pestle-finial-papua-new-guinea.md,matched,
/node/3023,/bird-stone-figure-papua-new-guinea/,node,3023,sources/bird-stone-figure-papua-new-guinea.md,matched,
/node/3024,/zoomorphic-figure-papua-new-guinea/,node,3024,sources/zoomorphic-figure-papua-new-guinea.md,matched,
/node/3025,/lapita-pottery-santa-cruz-islands/,node,3025,sources/lapita-pottery-santa-cruz-islands.md,matched,
/node/3026,/chinchorro-mummies/,node,3026,sources/chinchorro-mummies.md,matched,
/node/3027,/ceramic-female-figure-ecuador/,node,3027,sources/ceramic-female-figure-ecuador.md,matched,
/node/3028,/shell-pendant-or-bead-ecuador/,node,3028,sources/shell-pendant-or-bead-ecuador.md,matched,
/node/3029,/map-many-protests-puerto-rico-and-world-2019/,node,3029,sources/map-many-protests-puerto-rico-and-world-2019.md,matched,
/node/303,/birth-rituals-codex-mendoza/,node,303,sources/birth-rituals-codex-mendoza.md,matched,
/node/3030,/cueva-de-los-manos-rio-pinturas/,node,3030,sources/cueva-de-los-manos-rio-pinturas.md,matched,
/node/3031,/moche-portrait-vessels/,node,3031,sources/moche-portrait-vessels.md,matched,
/node/3032,/huaca-pucllana-ancient-pyramid-peru/,node,3032,sources/huaca-pucllana-ancient-pyramid-peru.md,matched,
/node/3033,/nok-terracotta-sculptures/,node,3033,sources/nok-terracotta-sculptures.md,matched,
/node/3034,/engraving-rechentisch-counting-board/,node,3034,sources/engraving-rechentisch-counting-board.md,matched,
/node/3035,/multiplication-early-modern-counting-board/,node,3035,sources/multiplication-early-modern-counting-board.md,matched,
/node/3036,/division-early-modern-counting-board/,node,3036,sources/division-early-modern-counting-board.md,matched,
/node/3038,/meroitic-script/,node,3038,sources/meroitic-script.md,matched,
/node/3039,/coca-bag/,node,3039,sources/coca-bag.md,matched,
/node/304,/postcard-women-and-girls-cradleboard-temuco-chile/,node,304,sources/postcard-women-and-girls-cradleboard-temuco-chile.md,matched,
/node/3040,/early-modern-counter/,node,3040,sources/early-modern-counter.md,matched,
/node/3041,/moai-easter-island/,node,3041,sources/moai-easter-island.md,matched,
/node/3042,/polynesian-oral-traditions/,node,3042,sources/polynesian-oral-traditions.md,matched,
/node/3043,/pacific-culture-areas-map/,node,3043,sources/pacific-culture-areas-map.md,matched,
/node/3044,/te-paranihi-or-maori-war-canoe/,node,3044,sources/te-paranihi-or-maori-war-canoe.md,matched,
/node/3045,/moundbuilders-art-confluence-ingenuity-industry-and-elegance/,node,3045,reviews/moundbuilders-art-confluence-ingenuity-industry-and-elegance.md,matched,
/node/3046,/tui-tonga-empire-map/,node,3046,sources/tui-tonga-empire-map.md,matched,
/node/3047,/inca-miniature-tunic/,node,3047,sources/inca-miniature-tunic.md,matched,
/node/3048,/cahokia-mounds-state-historic-site/,node,3048,sources/cahokia-mounds-state-historic-site.md,matched,
/node/3049,/altar-classic-maya-period/,node,3049,sources/altar-classic-maya-period.md,matched,
/node/305,/immigrant-crossing-road-sign/,node,305,sources/immigrant-crossing-road-sign.md,matched,
/node/3050,/haamonga-maui-tonga/,node,3050,sources/haamonga-maui-tonga.md,matched,
/node/3051,/poverty-point-louisiana-united-states/,node,3051,sources/poverty-point-louisiana-united-states.md,matched,
/node/3052,/al-umaris-account-mansa-musas-visit-cairo/,node,3052,sources/al-umaris-account-mansa-musas-visit-cairo.md,matched,
/node/3053,/ethiopian-healing-scrolls/,node,3053,sources/ethiopian-healing-scrolls.md,matched,
/node/3054,/geez-script/,node,3054,sources/geez-script.md,matched,
/node/3056,/globalizing-us-history/,node,3056,reviews/globalizing-us-history.md,matched,
/node/3057,/visualizing-energy/,node,3057,reviews/visualizing-energy.md,matched,
/node/3058,/digital-history-using-new-technologies-enhance-learning-and-research/,node,3058,reviews/digital-history-using-new-technologies-enhance-learning-and-research.md,matched,
/node/3059,/collection-unmitigated-pedantry-look-history-and-popular-culture/,node,3059,reviews/collection-unmitigated-pedantry-look-history-and-popular-culture.md,matched,
/node/306,/disciplining-children-codex-mendoza/,node,306,sources/disciplining-children-codex-mendoza.md,matched,
/node/3060,/germany-memories-nation/,node,3060,reviews/germany-memories-nation.md,matched,
/node/3061,/visual-guide-cold-war/,node,3061,reviews/visual-guide-cold-war.md,matched,
/node/3062,/nobel-peace-center/,node,3062,reviews/nobel-peace-center.md,matched,
/node/3063,/olympic-museum/,node,3063,reviews/olympic-museum.md,matched,
/node/307,/devshirme-system/,node,307,sources/devshirme-system.md,matched,
/node/3073,/exploring-africa/,node,3073,reviews/exploring-africa.md,matched,
/node/3074,/league-nations-archive/,node,3074,reviews/league-nations-archive.md,matched,
/node/3075,/naval-history-and-heritage-command/,node,3075,reviews/naval-history-and-heritage-command.md,matched,
/node/3076,/minecraft-education/,node,3076,reviews/minecraft-education.md,matched,
/node/3077,/harry-s-truman-library-and-museum/,node,3077,reviews/harry-s-truman-library-and-museum.md,matched,
/node/3079,/south-africa-overcoming-apartheid-building-democracy/,node,3079,reviews/south-africa-overcoming-apartheid-building-democracy.md,matched,
/node/308,/illustration-maqamat-al-hariri/,node,308,sources/illustration-maqamat-al-hariri.md,matched,
/node/3080,/william-j-clinton-presidential-library-and-museum/,node,3080,reviews/william-j-clinton-presidential-library-and-museum.md,matched,
/node/3081,/new-netherland-institute/,node,3081,reviews/new-netherland-institute.md,matched,
/node/3082,/african-studies-center/,node,3082,reviews/african-studies-center.md,matched,
/node/3083,/world-heritage-site-map/,node,3083,reviews/world-heritage-site-map.md,matched,
/node/3084,/armenian-genocide-museum-institute/,node,3084,reviews/armenian-genocide-museum-institute.md,matched,
/node/3085,/national-museum-asian-art/,node,3085,reviews/national-museum-asian-art.md,matched,
/node/3086,/academy-museum/,node,3086,reviews/academy-museum.md,matched,
/node/3087,/national-wwi-museum-and-memorial/,node,3087,reviews/national-wwi-museum-and-memorial.md,matched,
/node/3088,/census-protest-womens-suffrage/,node,3088,sources/census-protest-womens-suffrage.md,matched,
/node/3089,/lord-ismay-notice-regarding-indian-partition/,node,3089,sources/lord-ismay-notice-regarding-indian-partition.md,matched,
/node/309,/two-daughters-akhenaten/,node,309,sources/two-daughters-akhenaten.md,matched,
/node/3090,/middle-ages-educators/,node,3090,reviews/middle-ages-educators.md,matched,
/node/3091,/caribbean-sea-migration-collection/,node,3091,reviews/caribbean-sea-migration-collection.md,matched,
/node/3092,/continent-divided-us-mexico-war/,node,3092,reviews/continent-divided-us-mexico-war.md,matched,
/node/3093,/foreign-relations-united-states-series/,node,3093,reviews/foreign-relations-united-states-series.md,matched,
/node/3094,/archeological-collection-gold-museums/,node,3094,reviews/archeological-collection-gold-museums.md,matched,
/node/3095,/national-world-war-ii-museum/,node,3095,reviews/national-world-war-ii-museum.md,matched,
/node/3096,/acropolis-museum/,node,3096,reviews/acropolis-museum.md,matched,
/node/3097,/squirt-gun/,node,3097,sources/squirt-gun.md,matched,
/node/3098,/courage/,node,3098,sources/courage.md,matched,
/node/3099,/friendship/,node,3099,sources/friendship.md,matched,
/node/31,/missionary-journal-foot-binding-3/,node,31,sources/missionary-journal-foot-binding-3.md,matched,
/node/310,/phoenician-baby-bottle/,node,310,sources/phoenician-baby-bottle.md,matched,
/node/3100,/cat-korean-childrens-story/,node,3100,sources/cat-korean-childrens-story.md,matched,
/node/3101,/mothers-power/,node,3101,sources/mothers-power.md,matched,
/node/3102,/sympathy/,node,3102,sources/sympathy.md,matched,
/node/3103,/source-collection-korean-colonial-era-childrens-literature/,node,3103,teaching/source-collection-korean-colonial-era-childrens-literature.md,matched,
/node/3104,/archives-portal-europe/,node,3104,reviews/archives-portal-europe.md,matched,
/node/3105,/girl-museum/,node,3105,reviews/girl-museum.md,matched,
/node/3106,/teaching-lgbtq-history/,node,3106,reviews/teaching-lgbtq-history.md,matched,
/node/3107,/teaching-central-america/,node,3107,reviews/teaching-central-america.md,matched,
/node/3108,/suffrage-atelier-postcard-1909/,node,3108,sources/suffrage-atelier-postcard-1909.md,matched,
/node/3109,/maria-tallchief-dance-magazine-1961/,node,3109,sources/maria-tallchief-dance-magazine-1961.md,matched,
/node/311,/mud-crocodile-toy/,node,311,sources/mud-crocodile-toy.md,matched,
/node/3110,/apolitical-intellectuals-intelectuales-apoliticos/,node,3110,sources/apolitical-intellectuals-intelectuales-apoliticos.md,matched,
/node/3111,/amrita-sher-gil-young-girls-group-three-girls/,node,3111,sources/amrita-sher-gil-young-girls-group-three-girls.md,matched,
/node/3112,/world-war-ii-military-situation-map/,node,3112,sources/world-war-ii-military-situation-map.md,matched,
/node/3113,/glory-ireland/,node,3113,sources/glory-ireland.md,matched,
/node/3114,/john-smiths-map-virginia-1624/,node,3114,sources/john-smiths-map-virginia-1624.md,matched,
/node/3115,/wearing-gay-history/,node,3115,reviews/wearing-gay-history.md,matched,
/node/3116,/jewish-life-america/,node,3116,reviews/jewish-life-america.md,matched,
/node/3117,/meiji-japan/,node,3117,reviews/meiji-japan.md,matched,
/node/312,/childrens-tunics/,node,312,sources/childrens-tunics.md,matched,
/node/3121,/weng-wenhao/,node,3121,sources/weng-wenhao.md,matched,
/node/3122,/showa-steelworks-anshan-northeast-china/,node,3122,sources/showa-steelworks-anshan-northeast-china.md,matched,
/node/3123,/short-teaching-module-east-asian-developmental-states-global-history/,node,3123,teaching/short-teaching-module-east-asian-developmental-states-global-history.md,matched,
/node/313,/infants-tunics/,node,313,sources/infants-tunics.md,matched,
/node/3136,/immigrant-entrepreneurship-german-american-business-biographies-1720-present/,node,3136,reviews/immigrant-entrepreneurship-german-american-business-biographies-1720-present.md,matched,
/node/3137,/transatlantic-perspectives-europe-eyes-european-immigrants-united-states-1930-1980/,node,3137,reviews/transatlantic-perspectives-europe-eyes-european-immigrants-united-states-1930-1980.md,matched,
/node/3138,/london-lives-poverty-crime-and-making-modern-city-1690-1800/,node,3138,reviews/london-lives-poverty-crime-and-making-modern-city-1690-1800.md,matched,
/node/314,/childs-sock/,node,314,sources/childs-sock.md,matched,
/node/3140,/seventeen-moments-soviet-history/,node,3140,reviews/seventeen-moments-soviet-history.md,matched,
/node/3141,/making-african-connections/,node,3141,reviews/making-african-connections.md,matched,
/node/3142,/women-writers-project/,node,3142,reviews/women-writers-project.md,matched,
/node/3143,/slavery-law-power/,node,3143,reviews/slavery-law-power.md,matched,
/node/3144,/source-collection-pennsylvania-newspapers-react-refugees-haitian-revolution/,node,3144,teaching/source-collection-pennsylvania-newspapers-react-refugees-haitian-revolution.md,matched,
/node/3145,/source-collection-evolution-rights-saint-domingue/,node,3145,teaching/source-collection-evolution-rights-saint-domingue.md,matched,
/node/3147,/school-begins/,node,3147,sources/school-begins.md,matched,
/node/3148,/bloody-massacre-perpetrated-king-street-boston-march-5-1770/,node,3148,sources/bloody-massacre-perpetrated-king-street-boston-march-5-1770.md,matched,
/node/3149,/japanese-immigrants-internment-camps-and-american-loyalty/,node,3149,teaching/japanese-immigrants-internment-camps-and-american-loyalty.md,matched,
/node/315,/piegan-play-tipi/,node,315,sources/piegan-play-tipi.md,matched,
/node/3150,/forced-migration-enslaved-people/,node,3150,reviews/forced-migration-enslaved-people.md,matched,
/node/3151,/source-collection-ongoing-discovery-aksumite-kingdom/,node,3151,teaching/source-collection-ongoing-discovery-aksumite-kingdom.md,matched,
/node/316,/last-day-school-calgary/,node,316,sources/last-day-school-calgary.md,matched,
/node/317,/girls-making-snowman/,node,317,sources/girls-making-snowman.md,matched,
/node/318,/italian-mother-and-baby/,node,318,sources/italian-mother-and-baby.md,matched,
/node/319,/little-eva-flower-south/,node,319,sources/little-eva-flower-south.md,matched,
/node/32,/foot-binding/,node,32,sources/foot-binding.md,matched,
/node/320,/operation-babylift/,node,320,sources/operation-babylift.md,matched,
/node/321,/carrying-native-american-babies/,node,321,sources/carrying-native-american-babies.md,matched,
/node/322,/writing-letter-santa/,node,322,sources/writing-letter-santa.md,matched,
/node/323,/creeping-baby-doll-patent/,node,323,sources/creeping-baby-doll-patent.md,matched,
/node/324,/thanksgiving-newspaper-article/,node,324,sources/thanksgiving-newspaper-article.md,matched,
/node/325,/margaret-mead-coming-age-samoa/,node,325,sources/margaret-mead-coming-age-samoa.md,matched,
/node/326,/schoolchildren-minidoka-incarceration-camp/,node,326,sources/schoolchildren-minidoka-incarceration-camp.md,matched,
/node/327,/barbie-turns-21/,node,327,sources/barbie-turns-21.md,matched,
/node/328,/christmas-poem-pima-indian-school/,node,328,sources/christmas-poem-pima-indian-school.md,matched,
/node/329,/lemonade-stand/,node,329,sources/lemonade-stand.md,matched,
/node/33,/schools-education-chinese-girls/,node,33,sources/schools-education-chinese-girls.md,matched,
/node/330,/student-letter-pierre-dupont/,node,330,sources/student-letter-pierre-dupont.md,matched,
/node/331,/blocksoms-school/,node,331,sources/blocksoms-school.md,matched,
/node/332,/american-indian-girls-playing-dolls/,node,332,sources/american-indian-girls-playing-dolls.md,matched,
/node/334,/gope-ancestor-or-spirit-boards/,node,334,sources/gope-ancestor-or-spirit-boards.md,matched,
/node/335,/boys-initiation-mask-keweke/,node,335,sources/boys-initiation-mask-keweke.md,matched,
/node/337,/young-voices-disability-india/,node,337,sources/young-voices-disability-india.md,matched,
/node/338,/traditional-and-modern-primary-education-thailand/,node,338,sources/traditional-and-modern-primary-education-thailand.md,matched,
/node/339,/death-robespierre/,node,339,sources/death-robespierre.md,matched,
/node/34,/womens-work-woman/,node,34,sources/womens-work-woman.md,matched,
/node/340,/opening-club-revolution-circus-act/,node,340,sources/opening-club-revolution-circus-act.md,matched,
/node/341,/president-revolutionary-committee-distracting-himself-his-art-while-waiting/,node,341,sources/president-revolutionary-committee-distracting-himself-his-art-while-waiting.md,matched,
/node/342,/president-revolutionary-committee-after-seal-taken/,node,342,sources/president-revolutionary-committee-after-seal-taken.md,matched,
/node/343,/assassination-j-p-marat/,node,343,sources/assassination-j-p-marat.md,matched,
/node/345,/robespierre-10-thermidor-exposition-1877/,node,345,sources/robespierre-10-thermidor-exposition-1877.md,matched,
/node/346,/bust-marat/,node,346,sources/bust-marat.md,matched,
/node/347,/memory-marat-friend-people-assassinated-13-july-1793/,node,347,sources/memory-marat-friend-people-assassinated-13-july-1793.md,matched,
/node/348,/second-jean-darc/,node,348,sources/second-jean-darc.md,matched,
/node/349,/robespierre-laid-table-committee-public-safety/,node,349,sources/robespierre-laid-table-committee-public-safety.md,matched,
/node/35,/missionary-journal-chinese-culture/,node,35,sources/missionary-journal-chinese-culture.md,matched,
/node/350,/voracious-oath/,node,350,sources/voracious-oath.md,matched,
/node/351,/roman-aristocrat/,node,351,sources/roman-aristocrat.md,matched,
/node/353,/procession-refractory-clergy/,node,353,sources/procession-refractory-clergy.md,matched,
/node/354,/refractory-clergy-going-promised-land/,node,354,sources/refractory-clergy-going-promised-land.md,matched,
/node/355,/patience-monsignor-your-turn-will-come/,node,355,sources/patience-monsignor-your-turn-will-come.md,matched,
/node/356,/berlin-wall-trabant/,node,356,sources/berlin-wall-trabant.md,matched,
/node/357,/facial-recognition-manual/,node,357,sources/facial-recognition-manual.md,matched,
/node/358,/paleolithic-finger-flutings-cave-drawing/,node,358,sources/paleolithic-finger-flutings-cave-drawing.md,matched,
/node/359,/tophet-carthage/,node,359,sources/tophet-carthage.md,matched,
/node/36,/florence-farmboroughs-journal/,node,36,sources/florence-farmboroughs-journal.md,matched,
/node/360,/custom-cutting-topknot-thailand/,node,360,sources/custom-cutting-topknot-thailand.md,matched,
/node/361,/tet-trung-thu-festival-vietnam/,node,361,sources/tet-trung-thu-festival-vietnam.md,matched,
/node/362,/emperor-jahangir-weighing-his-son-khurram-gold/,node,362,sources/emperor-jahangir-weighing-his-son-khurram-gold.md,matched,
/node/363,/meiji-era-school-attendence/,node,363,sources/meiji-era-school-attendence.md,matched,
/node/364,/puppeteers-painting/,node,364,sources/puppeteers-painting.md,matched,
/node/365,/swaddled-children-terra-cotta-bas-reliefs/,node,365,sources/swaddled-children-terra-cotta-bas-reliefs.md,matched,
/node/366,/seri-children-sliding-turtle-shells/,node,366,sources/seri-children-sliding-turtle-shells.md,matched,
/node/367,/ona-family-group-tierra-del-fuego/,node,367,sources/ona-family-group-tierra-del-fuego.md,matched,
/node/368,/school-population-buenos-aires-argentina/,node,368,sources/school-population-buenos-aires-argentina.md,matched,
/node/369,/goha-gives-his-son-lesson-about-people/,node,369,sources/goha-gives-his-son-lesson-about-people.md,matched,
/node/37,/short-teaching-module-florence-farmborough-and-russian-front-1914-1918/,node,37,teaching/short-teaching-module-florence-farmborough-and-russian-front-1914-1918.md,matched,
/node/370,/1996-new-zealand-census-information/,node,370,sources/1996-new-zealand-census-information.md,matched,
/node/371,/thai-palm-leaf-fish-mobile-cradle/,node,371,sources/thai-palm-leaf-fish-mobile-cradle.md,matched,
/node/372,/terracotta-smiling-children-heads/,node,372,sources/terracotta-smiling-children-heads.md,matched,
/node/373,/children-slave-trade-table/,node,373,sources/children-slave-trade-table.md,matched,
/node/374,/clothing/,node,374,sources/clothing.md,matched,
/node/375,/toys/,node,375,sources/toys.md,matched,
/node/376,/journal-jan-van-riebeeck/,node,376,sources/journal-jan-van-riebeeck.md,matched,
/node/377,/peter-kolb-travel-narrative-1/,node,377,sources/peter-kolb-travel-narrative-1.md,matched,
/node/378,/peter-kolb-travel-narrative-2/,node,378,sources/peter-kolb-travel-narrative-2.md,matched,
/node/379,/whole-duty-woman/,node,379,sources/whole-duty-woman.md,matched,
/node/38,/analyzing-photographs/,node,38,methods/analyzing-photographs.md,matched,
/node/380,/letters-lady-mary-wortley-montagu/,node,380,sources/letters-lady-mary-wortley-montagu.md,matched,
/node/381,/letter-panduranga-joshi-kulkarni/,node,381,sources/letter-panduranga-joshi-kulkarni.md,matched,
/node/382,/rajah-rammohun-roy-excerpts/,node,382,sources/rajah-rammohun-roy-excerpts.md,matched,
/node/383,/wanderings-pilgrim-search-picturesque/,node,383,sources/wanderings-pilgrim-search-picturesque.md,matched,
/node/384,/indias-cries-british-humanity/,node,384,sources/indias-cries-british-humanity.md,matched,
/node/385,/high-caste-hindu-woman/,node,385,sources/high-caste-hindu-woman.md,matched,
/node/386,/indian-tales-great-ones/,node,386,sources/indian-tales-great-ones.md,matched,
/node/387,/womens-union-telegram/,node,387,sources/womens-union-telegram.md,matched,
/node/388,/peruvian-youth-center-child-laborers/,node,388,sources/peruvian-youth-center-child-laborers.md,matched,
/node/389,/narrative-life-and-adventures-venture-native-africa/,node,389,sources/narrative-life-and-adventures-venture-native-africa.md,matched,
/node/39,/analyzing-images/,node,39,methods/analyzing-images.md,matched,
/node/390,/interesting-narrative-life-olaudah-equiano-slave-auction/,node,390,sources/interesting-narrative-life-olaudah-equiano-slave-auction.md,matched,
/node/391,/interesting-narrative-life-olaudah-equiano-middle-passage/,node,391,sources/interesting-narrative-life-olaudah-equiano-middle-passage.md,matched,
/node/392,/interesting-narrative-life-olaudah-equiano-slave-ship/,node,392,sources/interesting-narrative-life-olaudah-equiano-slave-ship.md,matched,
/node/393,/interesting-narrative-life-olaudah-equiano-kidnapping/,node,393,sources/interesting-narrative-life-olaudah-equiano-kidnapping.md,matched,
/node/394,/excerpts-interesting-narrative-life-olaudah-equiano/,node,394,sources/excerpts-interesting-narrative-life-olaudah-equiano.md,matched,
/node/395,/through-masai-land/,node,395,sources/through-masai-land.md,matched,
/node/396,/chinese-mother-goose-rhymes/,node,396,sources/chinese-mother-goose-rhymes.md,matched,
/node/397,/chinese-boy-and-girl/,node,397,sources/chinese-boy-and-girl.md,matched,
/node/398,/three-character-classic/,node,398,sources/three-character-classic.md,matched,
/node/399,/taoist-priest-lao-shan/,node,399,sources/taoist-priest-lao-shan.md,matched,
/node/40,/codex-mendoza/,node,40,sources/codex-mendoza.md,matched,
/node/400,/decameron/,node,400,sources/decameron.md,matched,
/node/401,/lady-mary-wortley-montagu-small-pox-turkey/,node,401,sources/lady-mary-wortley-montagu-small-pox-turkey.md,matched,
/node/402,/scarlet-fever/,node,402,sources/scarlet-fever.md,matched,
/node/403,/boke-chyldren-thomas-phaer/,node,403,sources/boke-chyldren-thomas-phaer.md,matched,
/node/404,/how-some-children-played-slaughtering/,node,404,sources/how-some-children-played-slaughtering.md,matched,
/node/405,/noticias-de-portugal/,node,405,sources/noticias-de-portugal.md,matched,
/node/406,/spirits-camila-ogorman/,node,406,sources/spirits-camila-ogorman.md,matched,
/node/407,/incidents-life-slave-girl/,node,407,sources/incidents-life-slave-girl.md,matched,
/node/408,/narrative-life-mrs-mary-jemison/,node,408,sources/narrative-life-mrs-mary-jemison.md,matched,
/node/409,/charlotte-temple-tale-truth/,node,409,sources/charlotte-temple-tale-truth.md,matched,
/node/41,/los-tres-mulatos-de-esmeraldas/,node,41,sources/los-tres-mulatos-de-esmeraldas.md,matched,
/node/410,/ancient-history-maori/,node,410,sources/ancient-history-maori.md,matched,
/node/411,/adventure-new-zealand-1839-1844/,node,411,sources/adventure-new-zealand-1839-1844.md,matched,
/node/412,/japanese-american-incarceration-manzanar-california-interview-part-2/,node,412,sources/japanese-american-incarceration-manzanar-california-interview-part-2.md,matched,
/node/413,/san-dance-ethnography/,node,413,sources/san-dance-ethnography.md,matched,
/node/414,/malleus-maleficarum-witch-hunter-manual/,node,414,sources/malleus-maleficarum-witch-hunter-manual.md,matched,
/node/415,/voyages-and-adventures-ferdinand-mendez-pinto/,node,415,sources/voyages-and-adventures-ferdinand-mendez-pinto.md,matched,
/node/416,/fortunes-and-misfortunes-famous-moll-flanders/,node,416,sources/fortunes-and-misfortunes-famous-moll-flanders.md,matched,
/node/417,/reports-her-majestys-agent-and-consul-general/,node,417,sources/reports-her-majestys-agent-and-consul-general.md,matched,
/node/418,/health-ordinances-pistoia-1348/,node,418,sources/health-ordinances-pistoia-1348.md,matched,
/node/419,/age-consent-laws/,node,419,sources/age-consent-laws.md,matched,
/node/420,/advice-aztec-mother-her-daughter/,node,420,sources/advice-aztec-mother-her-daughter.md,matched,
/node/421,/phoenix-indian-school-1896/,node,421,sources/phoenix-indian-school-1896.md,matched,
/node/422,/little-women-valley-shadow/,node,422,sources/little-women-valley-shadow.md,matched,
/node/423,/little-women-amys-valley-humiliation/,node,423,sources/little-women-amys-valley-humiliation.md,matched,
/node/43,/dan-passport-masks/,node,43,sources/dan-passport-masks.md,matched,
/node/44,/moonbeam-youth-training-center-kenya/,node,44,sources/moonbeam-youth-training-center-kenya.md,matched,
/node/452,/great-nausea-monsignor/,node,452,sources/great-nausea-monsignor.md,matched,
/node/453,/mea-culpa-pope/,node,453,sources/mea-culpa-pope.md,matched,
/node/454,/versailles-versailles/,node,454,sources/versailles-versailles.md,matched,
/node/46,/girl-mossi-doll-burkina-faso/,node,46,sources/girl-mossi-doll-burkina-faso.md,matched,
/node/47,/recycled-wire-toy-truck-uganda/,node,47,sources/recycled-wire-toy-truck-uganda.md,matched,
/node/48,/yoruba-handwoven-baby-wrapper-nigeria/,node,48,sources/yoruba-handwoven-baby-wrapper-nigeria.md,matched,
/node/49,/child-labor-domestic-service-gender/,node,49,sources/child-labor-domestic-service-gender.md,matched,
/node/50,/child-labor-statistics-gender-and-sector/,node,50,sources/child-labor-statistics-gender-and-sector.md,matched,
/node/51,/child-labor-statistics-world-region/,node,51,sources/child-labor-statistics-world-region.md,matched,
/node/52,/street-children-billboard-uganda/,node,52,sources/street-children-billboard-uganda.md,matched,
/node/53,/johannesburg-recycled-material-toys/,node,53,sources/johannesburg-recycled-material-toys.md,matched,
/node/54,/unicef-data-orphans-region-2010/,node,54,sources/unicef-data-orphans-region-2010.md,matched,
/node/55,/millennium-development-goals-primary-school-enrollment-2009/,node,55,sources/millennium-development-goals-primary-school-enrollment-2009.md,matched,
/node/56,/millennium-development-goals-primary-school-enrollment-2009-0/,node,56,sources/millennium-development-goals-primary-school-enrollment-2009-0.md,matched,
/node/568,/day-1-prairial-year-iii/,node,568,sources/day-1-prairial-year-iii.md,matched,
/node/569,/woman-basket-front-door-prison/,node,569,sources/woman-basket-front-door-prison.md,matched,
/node/57,/millennium-development-goals-gender-parity-higher-education-2007/,node,57,sources/millennium-development-goals-gender-parity-higher-education-2007.md,matched,
/node/570,/triumph-liberty/,node,570,sources/triumph-liberty.md,matched,
/node/571,/provincial-painting-minatures/,node,571,sources/provincial-painting-minatures.md,matched,
/node/572,/liberty/,node,572,sources/liberty.md,matched,
/node/573,/republic/,node,573,sources/republic.md,matched,
/node/574,/fountain-regeneration/,node,574,sources/fountain-regeneration.md,matched,
/node/58,/millennium-development-goals-gender-parity-basic-education-2007/,node,58,sources/millennium-development-goals-gender-parity-basic-education-2007.md,matched,
/node/59,/millennium-development-goals-child-malnutrition-2006/,node,59,sources/millennium-development-goals-child-malnutrition-2006.md,matched,
/node/60,/slave-coffle-central-africa-1861/,node,60,sources/slave-coffle-central-africa-1861.md,matched,
/node/61,/captured-africans-liberated-slaving-vessel/,node,61,sources/captured-africans-liberated-slaving-vessel.md,matched,
/node/62,/mau-mau-fighters-scout-uniforms/,node,62,sources/mau-mau-fighters-scout-uniforms.md,matched,
/node/621,/soviet-nuclear-reactors-eastern-europe/,node,621,sources/soviet-nuclear-reactors-eastern-europe.md,matched,
/node/622,/soviet-food-shortages/,node,622,sources/soviet-food-shortages.md,matched,
/node/623,/arms-reduction-eastern-europe/,node,623,sources/arms-reduction-eastern-europe.md,matched,
/node/624,/commonwealth-independent-states-map-1994/,node,624,sources/commonwealth-independent-states-map-1994.md,matched,
/node/625,/post-soviet-population-table-2006/,node,625,sources/post-soviet-population-table-2006.md,matched,
/node/63,/scouts-and-kings-african-rifles-uniforms/,node,63,sources/scouts-and-kings-african-rifles-uniforms.md,matched,
/node/632,/nutmeg-and-spice-wars-southeast-asia/,node,632,sources/nutmeg-and-spice-wars-southeast-asia.md,matched,
/node/64,/pathfinder-warrant/,node,64,sources/pathfinder-warrant.md,matched,
/node/643,/torture-early-modern-dutch-empire/,node,643,sources/torture-early-modern-dutch-empire.md,matched,
/node/644,/torture-water-early-modern-dutch-empire/,node,644,sources/torture-water-early-modern-dutch-empire.md,matched,
/node/646,/japanese-mercenaries-and-dutch-east-india-company/,node,646,sources/japanese-mercenaries-and-dutch-east-india-company.md,matched,
/node/65,/organization-british-imperial-scouting/,node,65,sources/organization-british-imperial-scouting.md,matched,
/node/650,/rivalry-between-english-and-dutch-east-india-companies/,node,650,sources/rivalry-between-english-and-dutch-east-india-companies.md,matched,
/node/651,/japanese-mercenaries-early-modern-southeast-asia/,node,651,sources/japanese-mercenaries-early-modern-southeast-asia.md,matched,
/node/659,/early-modern-dutch-and-english-propaganda/,node,659,sources/early-modern-dutch-and-english-propaganda.md,matched,
/node/66,/child-purple-plastic-doll-near-kumasi-ghana/,node,66,sources/child-purple-plastic-doll-near-kumasi-ghana.md,matched,
/node/660,/treaties-between-voc-and-spice-islands/,node,660,sources/treaties-between-voc-and-spice-islands.md,matched,
/node/67,/bat-mitzvah/,node,67,sources/bat-mitzvah.md,matched,
/node/678,/wooden-crosses/,node,678,sources/wooden-crosses.md,matched,
/node/68,/studying-mother-country-1986/,node,68,sources/studying-mother-country-1986.md,matched,
/node/689,/puerto-rican-labor-movement-and-1940-census/,node,689,sources/puerto-rican-labor-movement-and-1940-census.md,matched,
/node/69,/protect-great-results-cultural-revolution-1974/,node,69,sources/protect-great-results-cultural-revolution-1974.md,matched,
/node/692,/africae-novo-map/,node,692,sources/africae-novo-map.md,matched,
/node/694,/treaty-versailles/,node,694,sources/treaty-versailles.md,matched,
/node/696,/statistics-polish-catholicism-communist-era/,node,696,sources/statistics-polish-catholicism-communist-era.md,matched,
/node/697,/debris-french-army-returning-fatherland/,node,697,sources/debris-french-army-returning-fatherland.md,matched,
/node/698,/example-heroic-courage/,node,698,sources/example-heroic-courage.md,matched,
/node/699,/seventh-incident-14-july-1789/,node,699,sources/seventh-incident-14-july-1789.md,matched,
/node/70,/happy-life-chairman-mao-gave-us-1954/,node,70,sources/happy-life-chairman-mao-gave-us-1954.md,matched,
/node/700,/death-marat/,node,700,sources/death-marat.md,matched,
/node/71,/selling-toys/,node,71,sources/selling-toys.md,matched,
/node/72,/children-and-toys/,node,72,sources/children-and-toys.md,matched,
/node/73,/yin-yu-tang-chinese-home/,node,73,sources/yin-yu-tang-chinese-home.md,matched,
/node/74,/joyous-celebration-new-year/,node,74,sources/joyous-celebration-new-year.md,matched,
/node/75,/two-girls-carrying-children/,node,75,sources/two-girls-carrying-children.md,matched,
/node/76,/kaichi-and-mitsuke-schools/,node,76,sources/kaichi-and-mitsuke-schools.md,matched,
/node/77,/traditional-soviet-values-children/,node,77,sources/traditional-soviet-values-children.md,matched,
/node/78,/ancient-greek-girl-athlete/,node,78,sources/ancient-greek-girl-athlete.md,matched,
/node/785,/forty-years-making-vehicles/,node,785,sources/forty-years-making-vehicles.md,matched,
/node/786,/two-lenins-profile/,node,786,sources/two-lenins-profile.md,matched,
/node/787,/do-you-know-woman/,node,787,sources/do-you-know-woman.md,matched,
/node/788,/two-lenins-forward/,node,788,sources/two-lenins-forward.md,matched,
/node/789,/video-ceausescus-last-speech-december-1989/,node,789,sources/video-ceausescus-last-speech-december-1989.md,matched,
/node/79,/ancient-greek-adolescent-girls-play/,node,79,sources/ancient-greek-adolescent-girls-play.md,matched,
/node/790,/romania-and-its-neighbors/,node,790,sources/romania-and-its-neighbors.md,matched,
/node/791,/crowd-prague-1989/,node,791,sources/crowd-prague-1989.md,matched,
/node/792,/berlin-wall-1989/,node,792,sources/berlin-wall-1989.md,matched,
/node/793,/east-germany-protest/,node,793,sources/east-germany-protest.md,matched,
/node/795,/trabant/,node,795,sources/trabant.md,matched,
/node/796,/gdp-yugoslavia-1980-1989/,node,796,sources/gdp-yugoslavia-1980-1989.md,matched,
/node/797,/macroeconomic-indicators-czechoslovakia-1970-1990/,node,797,sources/macroeconomic-indicators-czechoslovakia-1970-1990.md,matched,
/node/798,/fertility-and-abortion-czechoslovakia-1950-2005/,node,798,sources/fertility-and-abortion-czechoslovakia-1950-2005.md,matched,
/node/799,/infant-mortality-eastern-europe-1970-1989/,node,799,sources/infant-mortality-eastern-europe-1970-1989.md,matched,
/node/80,/portrait-isabelle-2007/,node,80,sources/portrait-isabelle-2007.md,matched,
/node/800,/gdp-eastern-europe-1980-1989/,node,800,sources/gdp-eastern-europe-1980-1989.md,matched,
/node/801,/romania-and-its-neighbors-0/,node,801,sources/romania-and-its-neighbors-0.md,matched,
/node/802,/regions-contemporary-romania-within-its-post-world-war-ii-borders/,node,802,sources/regions-contemporary-romania-within-its-post-world-war-ii-borders.md,matched,
/node/803,/eastern-and-central-europe-after-1989/,node,803,sources/eastern-and-central-europe-after-1989.md,matched,
/node/804,/eastern-and-central-europe-after-1989-0/,node,804,sources/eastern-and-central-europe-after-1989-0.md,matched,
/node/805,/45-years-enough/,node,805,sources/45-years-enough.md,matched,
/node/806,/vote-us/,node,806,sources/vote-us.md,matched,
/node/807,/climb-down-and-get-work/,node,807,sources/climb-down-and-get-work.md,matched,
/node/808,/against-pig-headedness-and-corruption/,node,808,sources/against-pig-headedness-and-corruption.md,matched,
/node/809,/301/,node,809,sources/301.md,matched,
/node/81,/portrait-darleen-2007/,node,81,sources/portrait-darleen-2007.md,matched,
/node/810,/wolf-vostell-9-november-1989/,node,810,sources/wolf-vostell-9-november-1989.md,matched,
/node/811,/it-must-not-happen-again-2/,node,811,sources/it-must-not-happen-again-2.md,matched,
/node/812,/it-must-not-happen-again-1/,node,812,sources/it-must-not-happen-again-1.md,matched,
/node/813,/them-we-have-already-voted/,node,813,sources/them-we-have-already-voted.md,matched,
/node/814,/comrades-its-over/,node,814,sources/comrades-its-over.md,matched,
/node/815,/berlin-9-november-1989/,node,815,sources/berlin-9-november-1989.md,matched,
/node/816,/goodbye-comrade/,node,816,sources/goodbye-comrade.md,matched,
/node/82,/max-und-moritz/,node,82,sources/max-und-moritz.md,matched,
/node/829,/berlin-wall-memorial-baker-institute-rice-university/,node,829,sources/berlin-wall-memorial-baker-institute-rice-university.md,matched,
/node/83,/pieter-bruegel-elders-childrens-games/,node,83,sources/pieter-bruegel-elders-childrens-games.md,matched,
/node/830,/reagan-berlin-wall/,node,830,sources/reagan-berlin-wall.md,matched,
/node/831,/tessek-valasztani/,node,831,sources/tessek-valasztani.md,matched,
/node/832,/papal-visit-1987/,node,832,sources/papal-visit-1987.md,matched,
/node/833,/solidarity-election-flier-how-vote-solidarity-zoliborz/,node,833,sources/solidarity-election-flier-how-vote-solidarity-zoliborz.md,matched,
/node/834,/east-german-political-cartoon/,node,834,sources/east-german-political-cartoon.md,matched,
/node/835,/political-cartoon-east-germany/,node,835,sources/political-cartoon-east-germany.md,matched,
/node/836,/spy-radio-east-germany/,node,836,sources/spy-radio-east-germany.md,matched,
/node/838,/us-soviet-summit-washington-dc/,node,838,sources/us-soviet-summit-washington-dc.md,matched,
/node/839,/celebrating-soviet-achievements-1980s/,node,839,sources/celebrating-soviet-achievements-1980s.md,matched,
/node/84,/der-struwwelpeter-slovenly-peter/,node,84,sources/der-struwwelpeter-slovenly-peter.md,matched,
/node/840,/young-alcoholics-soviet-union/,node,840,sources/young-alcoholics-soviet-union.md,matched,
/node/841,/ballad-striking-miners-ballada-strajkujacych-gornikow/,node,841,sources/ballad-striking-miners-ballada-strajkujacych-gornikow.md,matched,
/node/842,/map-distribution-languages-austria-hungary-after-world-war-i/,node,842,sources/map-distribution-languages-austria-hungary-after-world-war-i.md,matched,
/node/843,/reagan-brandenburg-gate/,node,843,sources/reagan-brandenburg-gate.md,matched,
/node/844,/tear-down-wall/,node,844,sources/tear-down-wall.md,matched,
/node/845,/soviet-administrative-map-1989/,node,845,sources/soviet-administrative-map-1989.md,matched,
/node/846,/soviet-nationalities-map-1989/,node,846,sources/soviet-nationalities-map-1989.md,matched,
/node/847,/soviet-map-1982/,node,847,sources/soviet-map-1982.md,matched,
/node/848,/radiation-contamination-after-chernobyl-disaster/,node,848,sources/radiation-contamination-after-chernobyl-disaster.md,matched,
/node/85,/pippi-graffiti-stencil/,node,85,sources/pippi-graffiti-stencil.md,matched,
/node/86,/madonna-and-child-1295-1300/,node,86,sources/madonna-and-child-1295-1300.md,matched,
/node/87,/ivory-doll/,node,87,sources/ivory-doll.md,matched,
/node/88,/red-shoes/,node,88,sources/red-shoes.md,matched,
/node/89,/ostracon/,node,89,sources/ostracon.md,matched,
/node/90,/dance-death/,node,90,sources/dance-death.md,matched,
/node/91,/will-making-among-general-populace-bologna-during-1348/,node,91,sources/will-making-among-general-populace-bologna-during-1348.md,matched,
/node/913,/disaster-armenia-1988/,node,913,sources/disaster-armenia-1988.md,matched,
/node/915,/ethnic-groups-yugoslavia/,node,915,sources/ethnic-groups-yugoslavia.md,matched,
/node/916,/meeting-poster-solidarity-rally/,node,916,sources/meeting-poster-solidarity-rally.md,matched,
/node/917,/solidarity-commemorates-tiananmen-square/,node,917,sources/solidarity-commemorates-tiananmen-square.md,matched,
/node/919,/polish-voting-rights/,node,919,sources/polish-voting-rights.md,matched,
/node/92,/dance-dead/,node,92,sources/dance-dead.md,matched,
/node/920,/lets-go-support-perestroika/,node,920,sources/lets-go-support-perestroika.md,matched,
/node/921,/drug-abuse-suicide/,node,921,sources/drug-abuse-suicide.md,matched,
/node/922,/shame-loafer-and-drunkard/,node,922,sources/shame-loafer-and-drunkard.md,matched,
/node/923,/shopping-queue-wroclaw/,node,923,sources/shopping-queue-wroclaw.md,matched,
/node/924,/butcher-shop-warsaw/,node,924,sources/butcher-shop-warsaw.md,matched,
/node/925,/traditional-image-soviet-women/,node,925,sources/traditional-image-soviet-women.md,matched,
/node/926,/perestroika-and-changing-soviet-workforce/,node,926,sources/perestroika-and-changing-soviet-workforce.md,matched,
/node/927,/environmental-activism-soviet-union/,node,927,sources/environmental-activism-soviet-union.md,matched,
/node/928,/divorce-soviet-union/,node,928,sources/divorce-soviet-union.md,matched,
/node/929,/photographs-papal-visit-1987/,node,929,sources/photographs-papal-visit-1987.md,matched,
/node/93,/inquiry-causes-and-effects-variolae-vaccinae/,node,93,sources/inquiry-causes-and-effects-variolae-vaccinae.md,matched,
/node/930,/photographs-st-stanislaw-kostka-church-warsaw/,node,930,sources/photographs-st-stanislaw-kostka-church-warsaw.md,matched,
/node/931,/traditional-soviet-values-children-0/,node,931,sources/traditional-soviet-values-children-0.md,matched,
/node/932,/scenes-andrzej-wajdas-film-man-iron-1981/,node,932,sources/scenes-andrzej-wajdas-film-man-iron-1981.md,matched,
/node/933,/game-great-men-minot-elder/,node,933,sources/game-great-men-minot-elder.md,matched,
/node/934,/fatherland-danger/,node,934,sources/fatherland-danger.md,matched,
/node/935,/watch-yourself-or-youll-be-product-sale/,node,935,sources/watch-yourself-or-youll-be-product-sale.md,matched,
/node/936,/image-king-festival-federation/,node,936,sources/image-king-festival-federation.md,matched,
/node/937,/hugo-ninety-three/,node,937,sources/hugo-ninety-three.md,matched,
/node/938,/dickens-tale-two-cities/,node,938,sources/dickens-tale-two-cities.md,matched,
/node/939,/balzacs-chouans/,node,939,sources/balzacs-chouans.md,matched,
/node/94,/graham-children/,node,94,sources/graham-children.md,matched,
/node/940,/antonio-gramsci-selections-prison-notebooks/,node,940,sources/antonio-gramsci-selections-prison-notebooks.md,matched,
/node/941,/leon-trotsky-permanent-revolution/,node,941,sources/leon-trotsky-permanent-revolution.md,matched,
/node/942,/peter-kropotkin-need-individual-action/,node,942,sources/peter-kropotkin-need-individual-action.md,matched,
/node/943,/frederick-engels-socialism-utopic-and-scientific/,node,943,sources/frederick-engels-socialism-utopic-and-scientific.md,matched,
/node/944,/karl-marx-eighteenth-brumaire-louis-bonaparte/,node,944,sources/karl-marx-eighteenth-brumaire-louis-bonaparte.md,matched,
/node/945,/charles-maurras-french-revolution/,node,945,sources/charles-maurras-french-revolution.md,matched,
/node/946,/le-bon-psychology-revolution/,node,946,sources/le-bon-psychology-revolution.md,matched,
/node/947,/de-maistre-considerations-france/,node,947,sources/de-maistre-considerations-france.md,matched,
/node/948,/hippolyte-taine-french-revolution/,node,948,sources/hippolyte-taine-french-revolution.md,matched,
/node/949,/alexis-de-tocqueville-french-revolution/,node,949,sources/alexis-de-tocqueville-french-revolution.md,matched,
/node/95,/londons-bill-mortality/,node,95,sources/londons-bill-mortality.md,matched,
/node/950,/john-stuart-mill-french-revolution/,node,950,sources/john-stuart-mill-french-revolution.md,matched,
/node/951,/charles-fourier-revolution/,node,951,sources/charles-fourier-revolution.md,matched,
/node/952,/mazzini-revolutionary-nationalism/,node,952,sources/mazzini-revolutionary-nationalism.md,matched,
/node/953,/philosophy-history/,node,953,sources/philosophy-history.md,matched,
/node/954,/historical-political-and-moral-essay-revolutions-ancient-and-modern/,node,954,sources/historical-political-and-moral-essay-revolutions-ancient-and-modern.md,matched,
/node/955,/kant-contest-faculties/,node,955,sources/kant-contest-faculties.md,matched,
/node/956,/alexander-hamilton-french-revolution/,node,956,sources/alexander-hamilton-french-revolution.md,matched,
/node/957,/thomas-jefferson-french-revolution/,node,957,sources/thomas-jefferson-french-revolution.md,matched,
/node/958,/tennis-court-oath-versailles-jacques-louis-david/,node,958,sources/tennis-court-oath-versailles-jacques-louis-david.md,matched,
/node/959,/king-returns-paris/,node,959,sources/king-returns-paris.md,matched,
/node/96,/gin-lane-1751/,node,96,sources/gin-lane-1751.md,matched,
/node/960,/arrival-royal-family-paris-6-october-1789/,node,960,sources/arrival-royal-family-paris-6-october-1789.md,matched,
/node/961,/poem-victor-hugo-1830/,node,961,sources/poem-victor-hugo-1830.md,matched,
/node/962,/rights-man/,node,962,sources/rights-man.md,matched,
/node/963,/popular-english-broadside-1821/,node,963,sources/popular-english-broadside-1821.md,matched,
/node/964,/germaine-de-stael-french-writer-exiled-napoleon/,node,964,sources/germaine-de-stael-french-writer-exiled-napoleon.md,matched,
/node/965,/battle-waterloo-seen-ordinary-british-cavalryman/,node,965,sources/battle-waterloo-seen-ordinary-british-cavalryman.md,matched,
/node/966,/search-glory-bonapartes-bulletins/,node,966,sources/search-glory-bonapartes-bulletins.md,matched,
/node/967,/bonaparte-and-islam/,node,967,sources/bonaparte-and-islam.md,matched,
/node/968,/making-peace-catholic-church-1801-2/,node,968,sources/making-peace-catholic-church-1801-2.md,matched,
/node/97,/childs-life-course/,node,97,sources/childs-life-course.md,matched,
/node/971,/revolutionary-france-1799/,node,971,sources/revolutionary-france-1799.md,matched,
/node/974,/progression-napoleons-life/,node,974,sources/progression-napoleons-life.md,matched,
/node/975,/cap-francais-fire/,node,975,sources/cap-francais-fire.md,matched,
/node/976,/barnyard/,node,976,sources/barnyard.md,matched,
/node/977,/sugar-mill/,node,977,sources/sugar-mill.md,matched,
/node/978,/indigo-plant-farm/,node,978,sources/indigo-plant-farm.md,matched,
/node/979,/enslaved-and-free-blacks-saint-domingue/,node,979,sources/enslaved-and-free-blacks-saint-domingue.md,matched,
/node/98,/m-cornelius-statius/,node,98,sources/m-cornelius-statius.md,matched,
/node/980,/description-chouans-and-other-counterrevolutionaries/,node,980,sources/description-chouans-and-other-counterrevolutionaries.md,matched,
/node/983,/blood-murdered-crying-vengeance/,node,983,sources/blood-murdered-crying-vengeance.md,matched,
/node/984,/annoyance-walking/,node,984,sources/annoyance-walking.md,matched,
/node/985,/robespierre-10-thermidor-exposition-1877-0/,node,985,sources/robespierre-10-thermidor-exposition-1877-0.md,matched,
/node/986,/assassination-marat-charlotte-corday/,node,986,sources/assassination-marat-charlotte-corday.md,matched,
/node/987,/equality/,node,987,sources/equality.md,matched,
/node/988,/moscow-campaign-1812/,node,988,sources/moscow-campaign-1812.md,matched,
/node/989,/napoleons-egyptian-campaign/,node,989,sources/napoleons-egyptian-campaign.md,matched,
/node/99,/olmec-ceramic-baby-figurine/,node,99,sources/olmec-ceramic-baby-figurine.md,matched,
/node/990,/napoleon-italy-1796-97/,node,990,sources/napoleon-italy-1796-97.md,matched,
/node/992,/map-europe-1815/,node,992,sources/map-europe-1815.md,matched,
/node/993,/map-europe-1812/,node,993,sources/map-europe-1812.md,matched,
/node/995,/departments-1798/,node,995,sources/departments-1798.md,matched,
